id,enemy_name,round,my_move,enemy_move
1,храбрый петух,1,r,p
1,храбрый петух,2,p,r
1,храбрый петух,3,p,r
1,храбрый петух,4,p,s
1,храбрый петух,5,r,p
2,робкий пират,1,p,s
2,робкий пират,2,r,r
2,робкий пират,3,p,p
2,робкий пират,4,s,r
2,робкий пират,5,r,r
2,робкий пират,6,s,p
2,робкий пират,7,r,r
2,робкий пират,8,s,r
3,хитрый боец,1,p,p
3,хитрый боец,2,s,p
3,хитрый боец,3,p,p
3,хитрый боец,4,s,s
3,хитрый боец,5,p,s
3,хитрый боец,6,p,s
3,хитрый боец,7,r,r
3,хитрый боец,8,r,s
3,хитрый боец,9,s,s
3,хитрый боец,10,s,p
4,уличный камикадзе,1,p,p
4,уличный камикадзе,2,s,p
4,уличный камикадзе,3,s,p
4,уличный камикадзе,4,p,s
4,уличный камикадзе,5,s,p
5,страшный кот,1,p,r
5,страшный кот,2,p,r
5,страшный кот,3,p,s
5,страшный кот,4,s,p
6,умный самовар,1,s,p
6,умный самовар,2,s,p
6,умный самовар,3,s,r
6,умный самовар,4,r,s
7,липкий дождь,1,s,r
7,липкий дождь,2,r,r
7,липкий дождь,3,s,p
7,липкий дождь,4,r,r
7,липкий дождь,5,r,r
7,липкий дождь,6,p,r
7,липкий дождь,7,s,r
7,липкий дождь,8,r,r
7,липкий дождь,9,s,r
8,яркий день,1,s,p
8,яркий день,2,s,p
8,яркий день,3,p,s
8,яркий день,4,p,r
9,синий голубь,1,s,r
9,синий голубь,2,p,r
9,синий голубь,3,r,r
9,синий голубь,4,r,s
9,синий голубь,5,p,r
10,хулиганский щенок,1,s,p
10,хулиганский щенок,2,s,s
10,хулиганский щенок,3,s,p
10,хулиганский щенок,4,p,r
11,знающий луч,1,p,s
11,знающий луч,2,r,s
11,знающий луч,3,r,r
11,знающий луч,4,p,p
11,знающий луч,5,s,p
11,знающий луч,6,s,p
12,вайбовый звездолет,1,s,p
12,вайбовый звездолет,2,r,p
12,вайбовый звездолет,3,s,p
12,вайбовый звездолет,4,s,s
12,вайбовый звездолет,5,r,s
13,благородный шнурок,1,s,p
13,благородный шнурок,2,p,s
13,благородный шнурок,3,r,r
13,благородный шнурок,4,s,p
13,благородный шнурок,5,p,s
13,благородный шнурок,6,s,r
14,благородный шнурок,1,p,r
14,благородный шнурок,2,p,p
14,благородный шнурок,3,r,p
14,благородный шнурок,4,r,p
15,щетинистый торт,1,s,s
15,щетинистый торт,2,s,s
15,щетинистый торт,3,p,s
15,щетинистый торт,4,s,p
15,щетинистый торт,5,r,s
15,щетинистый торт,6,r,r
15,щетинистый торт,7,s,r
15,щетинистый торт,8,r,s
16,модный трактор,1,s,r
16,модный трактор,2,s,r
16,модный трактор,3,s,p
16,модный трактор,4,r,r
16,модный трактор,5,s,r
17,дальновидный аналитик,1,s,r
17,дальновидный аналитик,2,s,r
17,дальновидный аналитик,3,s,r
18,дальновидный аналитик,1,p,r
18,дальновидный аналитик,2,p,r
18,дальновидный аналитик,3,p,r
19,пушистый скворец,1,r,r
19,пушистый скворец,2,s,r
19,пушистый скворец,3,s,r
19,пушистый скворец,4,r,s
19,пушистый скворец,5,s,p
19,пушистый скворец,6,p,p
19,пушистый скворец,7,p,s
20,творожный парник,1,s,s
20,творожный парник,2,s,p
20,творожный парник,3,r,r
20,творожный парник,4,p,r
20,творожный парник,5,s,s
20,творожный парник,6,r,s
21,творожный парник,1,r,r
21,творожный парник,2,p,r
21,творожный парник,3,p,r
21,творожный парник,4,r,p
21,творожный парник,5,r,r
21,творожный парник,6,s,s
21,творожный парник,7,p,r
22,пыльный штиль,1,p,p
22,пыльный штиль,2,p,p
22,пыльный штиль,3,p,p
22,пыльный штиль,4,p,s
22,пыльный штиль,5,p,p
22,пыльный штиль,6,r,s
22,пыльный штиль,7,p,s
22,пыльный штиль,8,p,r
22,пыльный штиль,9,r,p
23,бурый мишка,1,s,r
23,бурый мишка,2,r,r
23,бурый мишка,3,r,r
23,бурый мишка,4,r,p
23,бурый мишка,5,r,r
23,бурый мишка,6,p,p
23,бурый мишка,7,p,r
23,бурый мишка,8,r,r
23,бурый мишка,9,s,s
23,бурый мишка,10,s,p
23,бурый мишка,11,p,p
23,бурый мишка,12,r,p
24,мультипликацоинный марс,1,p,r
24,мультипликацоинный марс,2,p,s
24,мультипликацоинный марс,3,s,r
24,мультипликацоинный марс,4,s,s
24,мультипликацоинный марс,5,p,p
24,мультипликацоинный марс,6,s,s
24,мультипликацоинный марс,7,p,p
24,мультипликацоинный марс,8,p,s
25,мультипликацоинный марс,1,r,s
25,мультипликацоинный марс,2,p,p
25,мультипликацоинный марс,3,r,p
25,мультипликацоинный марс,4,r,r
25,мультипликацоинный марс,5,r,p
25,мультипликацоинный марс,6,r,s
25,мультипликацоинный марс,7,s,s
25,мультипликацоинный марс,8,s,s
25,мультипликацоинный марс,9,s,s
25,мультипликацоинный марс,10,s,p
26,технологический кошелек,1,s,p
26,технологический кошелек,2,s,r
26,технологический кошелек,3,r,r
26,технологический кошелек,4,p,p
26,технологический кошелек,5,p,p
26,технологический кошелек,6,r,r
26,технологический кошелек,7,s,s
26,технологический кошелек,8,s,p
26,технологический кошелек,9,r,r
26,технологический кошелек,10,s,s
26,технологический кошелек,11,r,p
26,технологический кошелек,12,r,p
27,резкий пончик,1,s,p
27,резкий пончик,2,p,p
27,резкий пончик,3,s,p
27,резкий пончик,4,p,r
28,шершавый гриб,1,r,p
28,шершавый гриб,2,s,p
28,шершавый гриб,3,r,r
28,шершавый гриб,4,r,s
28,шершавый гриб,5,p,p
28,шершавый гриб,6,p,p
28,шершавый гриб,7,r,s
29,проворный пудель,1,s,p
29,проворный пудель,2,p,r
29,проворный пудель,3,s,p
30,проворный пудель,1,s,r
30,проворный пудель,2,s,s
30,проворный пудель,3,r,s
30,проворный пудель,4,p,p
30,проворный пудель,5,p,p
30,проворный пудель,6,s,s
30,проворный пудель,7,r,r
30,проворный пудель,8,p,r
30,проворный пудель,9,s,p
31,трогательный сыч,1,s,s
31,трогательный сыч,2,r,r
31,трогательный сыч,3,p,p
31,трогательный сыч,4,r,r
31,трогательный сыч,5,p,s
31,трогательный сыч,6,p,s
31,трогательный сыч,7,p,r
31,трогательный сыч,8,p,p
31,трогательный сыч,9,p,p
31,трогательный сыч,10,s,p
31,трогательный сыч,11,r,p
32,водный пистолет,1,s,r
32,водный пистолет,2,s,p
32,водный пистолет,3,r,r
32,водный пистолет,4,r,r
32,водный пистолет,5,r,p
32,водный пистолет,6,r,r
32,водный пистолет,7,s,p
32,водный пистолет,8,s,s
32,водный пистолет,9,p,p
32,водный пистолет,10,s,p
33,картофельный шедевр,1,s,p
33,картофельный шедевр,2,s,s
33,картофельный шедевр,3,r,r
33,картофельный шедевр,4,r,s
33,картофельный шедевр,5,s,p
34,игривый брелок,1,s,r
34,игривый брелок,2,r,r
34,игривый брелок,3,s,s
34,игривый брелок,4,p,r
34,игривый брелок,5,s,r
34,игривый брелок,6,p,s
35,самобытный водолей,1,s,r
35,самобытный водолей,2,s,r
35,самобытный водолей,3,r,p
36,валютный буклет,1,s,p
36,валютный буклет,2,p,p
36,валютный буклет,3,r,p
36,валютный буклет,4,s,s
36,валютный буклет,5,s,p
36,валютный буклет,6,p,s
36,валютный буклет,7,s,p
37,валютный буклет,1,s,r
37,валютный буклет,2,p,r
37,валютный буклет,3,s,p
37,валютный буклет,4,p,s
37,валютный буклет,5,s,p
38,валютный буклет,1,r,s
38,валютный буклет,2,s,s
38,валютный буклет,3,s,p
38,валютный буклет,4,r,r
38,валютный буклет,5,r,r
38,валютный буклет,6,s,s
38,валютный буклет,7,s,p
39,глубокий докладчик,1,s,r
39,глубокий докладчик,2,r,p
39,глубокий докладчик,3,r,r
39,глубокий докладчик,4,r,s
39,глубокий докладчик,5,s,s
39,глубокий докладчик,6,s,r
40,интригующий примиритель,1,s,p
40,интригующий примиритель,2,r,p
40,интригующий примиритель,3,p,r
40,интригующий примиритель,4,s,r
40,интригующий примиритель,5,p,s
41,локальный акцент,1,r,p
41,локальный акцент,2,s,r
41,локальный акцент,3,s,p
41,локальный акцент,4,r,p
42,воздушный инжинер,1,r,r
42,воздушный инжинер,2,p,r
42,воздушный инжинер,3,s,r
42,воздушный инжинер,4,r,p
42,воздушный инжинер,5,p,s
43,влиятельный жук,1,r,s
43,влиятельный жук,2,s,s
43,влиятельный жук,3,r,s
43,влиятельный жук,4,r,s
44,влиятельный жук,1,s,p
44,влиятельный жук,2,s,p
44,влиятельный жук,3,p,p
44,влиятельный жук,4,r,p
44,влиятельный жук,5,r,p
44,влиятельный жук,6,s,p
45,млечный озорник,1,r,p
45,млечный озорник,2,p,s
45,млечный озорник,3,p,s
46,рядовой самец,1,s,p
46,рядовой самец,2,s,s
46,рядовой самец,3,p,p
46,рядовой самец,4,s,r
46,рядовой самец,5,p,p
46,рядовой самец,6,r,p
46,рядовой самец,7,r,s
46,рядовой самец,8,r,r
46,рядовой самец,9,p,r
47,арктический сатурн,1,r,r
47,арктический сатурн,2,p,r
47,арктический сатурн,3,r,r
47,арктический сатурн,4,s,s
47,арктический сатурн,5,p,p
47,арктический сатурн,6,p,p
47,арктический сатурн,7,r,s
47,арктический сатурн,8,p,p
47,арктический сатурн,9,p,s
47,арктический сатурн,10,s,p
48,арктический сатурн,1,s,p
48,арктический сатурн,2,s,p
48,арктический сатурн,3,s,s
48,арктический сатурн,4,p,r
49,арктический сатурн,1,p,p
49,арктический сатурн,2,r,s
49,арктический сатурн,3,p,s
49,арктический сатурн,4,s,p
49,арктический сатурн,5,s,p
50,арктический сатурн,1,s,r
50,арктический сатурн,2,s,p
50,арктический сатурн,3,s,s
50,арктический сатурн,4,s,r
50,арктический сатурн,5,s,s
50,арктический сатурн,6,p,r
50,арктический сатурн,7,p,s
51,арктический сатурн,1,s,p
51,арктический сатурн,2,s,p
51,арктический сатурн,3,r,p
51,арктический сатурн,4,s,r
51,арктический сатурн,5,s,p
52,арктический сатурн,1,p,p
52,арктический сатурн,2,r,r
52,арктический сатурн,3,p,r
52,арктический сатурн,4,r,p
52,арктический сатурн,5,p,p
52,арктический сатурн,6,p,r
52,арктический сатурн,7,s,p
53,арктический сатурн,1,r,p
53,арктический сатурн,2,s,r
53,арктический сатурн,3,s,r
53,арктический сатурн,4,r,s
53,арктический сатурн,5,r,r
53,арктический сатурн,6,r,r
53,арктический сатурн,7,r,s
54,арктический сатурн,1,p,p
54,арктический сатурн,2,s,p
54,арктический сатурн,3,s,p
54,арктический сатурн,4,p,p
54,арктический сатурн,5,s,p
55,арктический сатурн,1,s,s
55,арктический сатурн,2,s,p
55,арктический сатурн,3,s,r
55,арктический сатурн,4,r,p
55,арктический сатурн,5,p,r
55,арктический сатурн,6,s,r
56,арктический сатурн,1,p,s
56,арктический сатурн,2,s,p
56,арктический сатурн,3,p,p
56,арктический сатурн,4,s,r
56,арктический сатурн,5,s,s
56,арктический сатурн,6,s,p
56,арктический сатурн,7,s,r
57,арктический сатурн,1,p,p
57,арктический сатурн,2,s,r
57,арктический сатурн,3,r,s
57,арктический сатурн,4,s,p
57,арктический сатурн,5,s,s
57,арктический сатурн,6,s,p
58,арктический сатурн,1,s,s
58,арктический сатурн,2,r,r
58,арктический сатурн,3,p,s
58,арктический сатурн,4,r,p
58,арктический сатурн,5,s,r
59,арктический сатурн,1,p,s
59,арктический сатурн,2,s,p
59,арктический сатурн,3,r,s
59,арктический сатурн,4,s,s
59,арктический сатурн,5,s,p
60,арктический сатурн,1,p,p
60,арктический сатурн,2,p,p
60,арктический сатурн,3,r,r
60,арктический сатурн,4,r,s
60,арктический сатурн,5,r,p
60,арктический сатурн,6,p,r
60,арктический сатурн,7,p,p
60,арктический сатурн,8,r,p
60,арктический сатурн,9,s,r
61,арктический сатурн,1,s,r
61,арктический сатурн,2,s,s
61,арктический сатурн,3,s,p
61,арктический сатурн,4,s,p
61,арктический сатурн,5,r,r
61,арктический сатурн,6,s,p
62,арктический сатурн,1,s,r
62,арктический сатурн,2,p,p
62,арктический сатурн,3,s,p
62,арктический сатурн,4,p,p
62,арктический сатурн,5,s,r
62,арктический сатурн,6,s,p
62,арктический сатурн,7,s,r
63,арктический сатурн,1,s,p
63,арктический сатурн,2,p,p
63,арктический сатурн,3,p,r
63,арктический сатурн,4,s,r
63,арктический сатурн,5,s,p
64,арктический сатурн,1,s,p
64,арктический сатурн,2,s,r
64,арктический сатурн,3,p,s
64,арктический сатурн,4,s,s
64,арктический сатурн,5,p,p
64,арктический сатурн,6,r,r
64,арктический сатурн,7,p,p
64,арктический сатурн,8,r,p
65,арктический сатурн,1,p,r
65,арктический сатурн,2,p,s
65,арктический сатурн,3,r,p
65,арктический сатурн,4,s,p
65,арктический сатурн,5,r,r
65,арктический сатурн,6,r,r
65,арктический сатурн,7,r,r
65,арктический сатурн,8,p,p
65,арктический сатурн,9,p,p
65,арктический сатурн,10,r,s
66,чарующий рестовратор,1,s,p
66,чарующий рестовратор,2,s,s
66,чарующий рестовратор,3,r,r
66,чарующий рестовратор,4,s,p
66,чарующий рестовратор,5,r,s
67,февральский пауэбенк,1,r,s
67,февральский пауэбенк,2,p,r
67,февральский пауэбенк,3,s,r
67,февральский пауэбенк,4,p,p
67,февральский пауэбенк,5,s,s
67,февральский пауэбенк,6,s,p
68,февральский пауэбенк,1,r,s
68,февральский пауэбенк,2,p,s
68,февральский пауэбенк,3,r,p
68,февральский пауэбенк,4,p,r
68,февральский пауэбенк,5,s,r
69,очаровательный перец,1,s,s
69,очаровательный перец,2,r,r
69,очаровательный перец,3,s,p
69,очаровательный перец,4,r,p
69,очаровательный перец,5,p,r
69,очаровательный перец,6,s,s
69,очаровательный перец,7,s,p
70,очаровательный перец,1,r,r
70,очаровательный перец,2,s,p
70,очаровательный перец,3,s,p
70,очаровательный перец,4,r,s
71,очаровательный перец,1,r,p
71,очаровательный перец,2,s,s
71,очаровательный перец,3,p,p
71,очаровательный перец,4,p,s
71,очаровательный перец,5,r,r
71,очаровательный перец,6,s,s
71,очаровательный перец,7,s,s
71,очаровательный перец,8,s,r
72,осторожный суп,1,s,r
72,осторожный суп,2,s,p
72,осторожный суп,3,s,r
72,осторожный суп,4,p,r
72,осторожный суп,5,s,s
72,осторожный суп,6,s,r
73,занятный граб,1,s,r
73,занятный граб,2,s,r
73,занятный граб,3,r,s
73,занятный граб,4,r,s
73,занятный граб,5,s,r
74,занятный граб,1,p,r
74,занятный граб,2,p,p
74,занятный граб,3,p,p
74,занятный граб,4,s,s
74,занятный граб,5,p,s
74,занятный граб,6,r,s
74,занятный граб,7,r,s
75,явный цирюльник,1,s,r
75,явный цирюльник,2,p,s
75,явный цирюльник,3,s,p
75,явный цирюльник,4,p,p
75,явный цирюльник,5,s,r
76,явный цирюльник,1,p,r
76,явный цирюльник,2,r,r
76,явный цирюльник,3,p,p
76,явный цирюльник,4,s,p
76,явный цирюльник,5,p,p
76,явный цирюльник,6,p,s
76,явный цирюльник,7,s,s
76,явный цирюльник,8,p,p
76,явный цирюльник,9,r,s
77,явный цирюльник,1,r,s
77,явный цирюльник,2,p,s
77,явный цирюльник,3,r,r
77,явный цирюльник,4,s,r
77,явный цирюльник,5,r,r
77,явный цирюльник,6,p,p
77,явный цирюльник,7,r,p
78,безмятежный спорткар,1,s,s
78,безмятежный спорткар,2,r,r
78,безмятежный спорткар,3,s,r
78,безмятежный спорткар,4,s,s
78,безмятежный спорткар,5,r,r
78,безмятежный спорткар,6,r,p
78,безмятежный спорткар,7,r,r
78,безмятежный спорткар,8,r,r
78,безмятежный спорткар,9,r,p
79,безмятежный спорткар,1,p,s
79,безмятежный спорткар,2,p,s
79,безмятежный спорткар,3,s,s
79,безмятежный спорткар,4,p,r
79,безмятежный спорткар,5,r,r
79,безмятежный спорткар,6,r,r
79,безмятежный спорткар,7,s,r
80,безмятежный спорткар,1,r,r
80,безмятежный спорткар,2,p,p
80,безмятежный спорткар,3,r,r
80,безмятежный спорткар,4,p,p
81,безмятежный спорткар,1,r,r
81,безмятежный спорткар,2,s,p
81,безмятежный спорткар,3,p,p
81,безмятежный спорткар,4,r,s
81,безмятежный спорткар,5,r,r
81,безмятежный спорткар,6,p,p
81,безмятежный спорткар,7,r,r
81,безмятежный спорткар,8,r,r
81,безмятежный спорткар,9,r,p
81,безмятежный спорткар,10,p,r
82,безмятежный спорткар,1,s,p
82,безмятежный спорткар,2,s,r
82,безмятежный спорткар,3,r,p
82,безмятежный спорткар,4,r,p
83,безмятежный спорткар,1,r,r
83,безмятежный спорткар,2,s,r
83,безмятежный спорткар,3,s,r
83,безмятежный спорткар,4,p,s
84,безмятежный спорткар,1,p,p
84,безмятежный спорткар,2,r,s
84,безмятежный спорткар,3,p,s
84,безмятежный спорткар,4,p,p
84,безмятежный спорткар,5,r,p
84,безмятежный спорткар,6,s,s
84,безмятежный спорткар,7,p,p
84,безмятежный спорткар,8,r,r
84,безмятежный спорткар,9,s,s
84,безмятежный спорткар,10,r,s
84,безмятежный спорткар,11,s,p
85,процветающий феодал,1,p,s
85,процветающий феодал,2,r,s
85,процветающий феодал,3,p,p
85,процветающий феодал,4,p,p
85,процветающий феодал,5,p,s
85,процветающий феодал,6,s,s
85,процветающий феодал,7,p,s
86,кардинальный марс,1,p,r
86,кардинальный марс,2,p,r
86,кардинальный марс,3,s,r
86,кардинальный марс,4,r,s
87,прекрасный дубль,1,s,r
87,прекрасный дубль,2,r,r
87,прекрасный дубль,3,s,r
87,прекрасный дубль,4,s,r
88,прекрасный дубль,1,r,p
88,прекрасный дубль,2,s,r
88,прекрасный дубль,3,p,p
88,прекрасный дубль,4,p,r
88,прекрасный дубль,5,r,r
88,прекрасный дубль,6,s,s
88,прекрасный дубль,7,p,p
88,прекрасный дубль,8,s,p
88,прекрасный дубль,9,p,r
89,прекрасный дубль,1,r,s
89,прекрасный дубль,2,p,p
89,прекрасный дубль,3,p,r
89,прекрасный дубль,4,p,s
89,прекрасный дубль,5,p,s
89,прекрасный дубль,6,p,s
90,чувствительный весельчак,1,s,r
90,чувствительный весельчак,2,p,p
90,чувствительный весельчак,3,p,p
90,чувствительный весельчак,4,r,s
90,чувствительный весельчак,5,r,r
90,чувствительный весельчак,6,p,p
90,чувствительный весельчак,7,r,r
90,чувствительный весельчак,8,p,r
90,чувствительный весельчак,9,p,r
91,мягкий глаз,1,s,r
91,мягкий глаз,2,s,r
91,мягкий глаз,3,s,p
91,мягкий глаз,4,r,s
91,мягкий глаз,5,p,p
91,мягкий глаз,6,s,p
92,мягкий глаз,1,s,s
92,мягкий глаз,2,r,r
92,мягкий глаз,3,p,r
92,мягкий глаз,4,r,p
92,мягкий глаз,5,p,p
92,мягкий глаз,6,r,r
92,мягкий глаз,7,r,p
92,мягкий глаз,8,p,s
93,мягкий глаз,1,r,r
93,мягкий глаз,2,p,p
93,мягкий глаз,3,p,p
93,мягкий глаз,4,r,r
93,мягкий глаз,5,p,r
93,мягкий глаз,6,s,s
93,мягкий глаз,7,r,s
93,мягкий глаз,8,p,s
93,мягкий глаз,9,r,p
93,мягкий глаз,10,p,r
94,мягкий глаз,1,r,s
94,мягкий глаз,2,r,p
94,мягкий глаз,3,r,p
94,мягкий глаз,4,p,r
94,мягкий глаз,5,s,p
95,гремящий артист,1,r,p
95,гремящий артист,2,p,s
95,гремящий артист,3,p,s
96,бесподобный окапи,1,p,p
96,бесподобный окапи,2,s,r
96,бесподобный окапи,3,p,p
96,бесподобный окапи,4,r,r
96,бесподобный окапи,5,r,p
96,бесподобный окапи,6,s,r
97,бесподобный окапи,1,r,s
97,бесподобный окапи,2,s,s
97,бесподобный окапи,3,s,r
97,бесподобный окапи,4,r,s
97,бесподобный окапи,5,r,s
98,пямятный клапан,1,p,p
98,пямятный клапан,2,p,r
98,пямятный клапан,3,p,r
98,пямятный клапан,4,r,s
99,экологичный диск,1,p,r
99,экологичный диск,2,p,r
99,экологичный диск,3,r,p
99,экологичный диск,4,s,s
99,экологичный диск,5,s,p
100,блинный акцент,1,p,s
100,блинный акцент,2,s,r
100,блинный акцент,3,p,r
100,блинный акцент,4,r,p
101,блинный акцент,1,s,r
101,блинный акцент,2,p,p
101,блинный акцент,3,p,r
101,блинный акцент,4,s,p
101,блинный акцент,5,r,r
101,блинный акцент,6,p,r
102,жуткий конь,1,p,s
102,жуткий конь,2,r,r
102,жуткий конь,3,p,p
102,жуткий конь,4,s,r
102,жуткий конь,5,s,p
102,жуткий конь,6,s,r
103,блинный акцент,1,r,r
103,блинный акцент,2,p,s
103,блинный акцент,3,p,r
103,блинный акцент,4,s,s
103,блинный акцент,5,r,r
103,блинный акцент,6,s,r
103,блинный акцент,7,s,s
103,блинный акцент,8,p,r
103,блинный акцент,9,s,s
103,блинный акцент,10,p,r
104,знаменитый сомелье,1,p,r
104,знаменитый сомелье,2,p,r
104,знаменитый сомелье,3,s,p
105,непредсказуемый принтер,1,s,p
105,непредсказуемый принтер,2,s,p
105,непредсказуемый принтер,3,s,r
105,непредсказуемый принтер,4,s,r
105,непредсказуемый принтер,5,r,r
105,непредсказуемый принтер,6,p,r
106,непредсказуемый принтер,1,p,r
106,непредсказуемый принтер,2,p,s
106,непредсказуемый принтер,3,s,p
106,непредсказуемый принтер,4,p,s
106,непредсказуемый принтер,5,s,r
107,непредсказуемый принтер,1,p,r
107,непредсказуемый принтер,2,r,s
107,непредсказуемый принтер,3,p,s
107,непредсказуемый принтер,4,s,s
107,непредсказуемый принтер,5,r,s
108,непредсказуемый принтер,1,p,p
108,непредсказуемый принтер,2,s,s
108,непредсказуемый принтер,3,r,s
108,непредсказуемый принтер,4,r,s
108,непредсказуемый принтер,5,r,s
109,соблазнительный мяч,1,p,p
109,соблазнительный мяч,2,p,s
109,соблазнительный мяч,3,r,r
109,соблазнительный мяч,4,p,p
109,соблазнительный мяч,5,r,r
109,соблазнительный мяч,6,s,r
109,соблазнительный мяч,7,s,p
109,соблазнительный мяч,8,s,s
109,соблазнительный мяч,9,s,p
109,соблазнительный мяч,10,p,s
110,непредсказуемый принтер,1,p,p
110,непредсказуемый принтер,2,r,r
110,непредсказуемый принтер,3,p,s
110,непредсказуемый принтер,4,r,r
110,непредсказуемый принтер,5,p,s
110,непредсказуемый принтер,6,p,p
110,непредсказуемый принтер,7,r,r
110,непредсказуемый принтер,8,s,r
111,прилежный гвоздь,1,p,p
111,прилежный гвоздь,2,p,r
111,прилежный гвоздь,3,s,p
111,прилежный гвоздь,4,p,p
111,прилежный гвоздь,5,p,p
111,прилежный гвоздь,6,p,s
111,прилежный гвоздь,7,s,p
112,процветающий феодал,1,r,r
112,процветающий феодал,2,p,r
112,процветающий феодал,3,s,s
112,процветающий феодал,4,r,s
112,процветающий феодал,5,p,p
112,процветающий феодал,6,r,p
112,процветающий феодал,7,s,p
113,непослушный талисман,1,p,s
113,непослушный талисман,2,r,p
113,непослушный талисман,3,p,s
114,толковый мерлин,1,p,s
114,толковый мерлин,2,s,p
114,толковый мерлин,3,p,s
114,толковый мерлин,4,s,s
114,толковый мерлин,5,r,s
114,толковый мерлин,6,p,s
115,толковый мерлин,1,s,p
115,толковый мерлин,2,r,p
115,толковый мерлин,3,s,r
115,толковый мерлин,4,s,r
116,чуткий волос,1,p,r
116,чуткий волос,2,r,r
116,чуткий волос,3,p,r
116,чуткий волос,4,s,s
116,чуткий волос,5,r,s
117,чувственный весельчак,1,p,r
117,чувственный весельчак,2,p,p
117,чувственный весельчак,3,r,p
117,чувственный весельчак,4,s,r
117,чувственный весельчак,5,p,s
118,непослушный талисман,1,r,s
118,непослушный талисман,2,s,p
118,непослушный талисман,3,r,p
118,непослушный талисман,4,r,r
118,непослушный талисман,5,r,s
119,доверчивый гербарий,1,p,p
119,доверчивый гербарий,2,p,s
119,доверчивый гербарий,3,r,p
119,доверчивый гербарий,4,r,p
120,перпендикулярный беркут,1,p,p
120,перпендикулярный беркут,2,r,p
120,перпендикулярный беркут,3,s,s
120,перпендикулярный беркут,4,r,s
120,перпендикулярный беркут,5,r,p
120,перпендикулярный беркут,6,s,s
120,перпендикулярный беркут,7,r,p
121,мягкий глаз,1,r,r
121,мягкий глаз,2,s,p
121,мягкий глаз,3,r,s
121,мягкий глаз,4,s,s
121,мягкий глаз,5,r,p
121,мягкий глаз,6,p,p
121,мягкий глаз,7,s,p
122,захватывающий стратег,1,p,r
122,захватывающий стратег,2,p,s
122,захватывающий стратег,3,p,p
122,захватывающий стратег,4,s,p
122,захватывающий стратег,5,p,s
122,захватывающий стратег,6,s,p
123,утонченный компот,1,p,p
123,утонченный компот,2,s,p
123,утонченный компот,3,r,p
123,утонченный компот,4,s,s
123,утонченный компот,5,s,r
123,утонченный компот,6,r,p
124,контрастный гиацинт,1,s,s
124,контрастный гиацинт,2,p,r
124,контрастный гиацинт,3,r,r
124,контрастный гиацинт,4,r,p
124,контрастный гиацинт,5,r,s
124,контрастный гиацинт,6,p,p
124,контрастный гиацинт,7,s,s
124,контрастный гиацинт,8,r,r
124,контрастный гиацинт,9,p,s
124,контрастный гиацинт,10,p,r
125,контрастный гиацинт,1,s,p
125,контрастный гиацинт,2,s,p
125,контрастный гиацинт,3,r,r
125,контрастный гиацинт,4,s,r
125,контрастный гиацинт,5,s,r
125,контрастный гиацинт,6,p,r
126,арктический сатурн,1,p,p
126,арктический сатурн,2,s,p
126,арктический сатурн,3,s,p
126,арктический сатурн,4,s,r
126,арктический сатурн,5,s,r
126,арктический сатурн,6,r,s
127,утонченный компот,1,s,s
127,утонченный компот,2,p,p
127,утонченный компот,3,p,p
127,утонченный компот,4,s,p
127,утонченный компот,5,p,p
127,утонченный компот,6,r,r
127,утонченный компот,7,r,s
127,утонченный компот,8,s,p
128,арктический сатурн,1,p,r
128,арктический сатурн,2,r,p
128,арктический сатурн,3,p,s
128,арктический сатурн,4,p,r
128,арктический сатурн,5,r,r
128,арктический сатурн,6,r,s
129,контрастный гиацинт,1,s,p
129,контрастный гиацинт,2,s,r
129,контрастный гиацинт,3,p,s
129,контрастный гиацинт,4,r,p
130,контрастный гиацинт,1,p,s
130,контрастный гиацинт,2,p,p
130,контрастный гиацинт,3,r,r
130,контрастный гиацинт,4,r,p
130,контрастный гиацинт,5,r,s
130,контрастный гиацинт,6,s,s
130,контрастный гиацинт,7,p,r
130,контрастный гиацинт,8,p,r
131,многообщеющий плащ,1,p,p
131,многообщеющий плащ,2,p,p
131,многообщеющий плащ,3,s,r
131,многообщеющий плащ,4,s,p
131,многообщеющий плащ,5,r,r
131,многообщеющий плащ,6,r,r
131,многообщеющий плащ,7,s,s
131,многообщеющий плащ,8,p,r
131,многообщеющий плащ,9,p,r
132,самодостаточный телескоп,1,r,s
132,самодостаточный телескоп,2,s,s
132,самодостаточный телескоп,3,p,s
132,самодостаточный телескоп,4,s,r
132,самодостаточный телескоп,5,s,r
133,самодостаточный телескоп,1,r,r
133,самодостаточный телескоп,2,r,p
133,самодостаточный телескоп,3,r,s
133,самодостаточный телескоп,4,r,r
133,самодостаточный телескоп,5,s,r
133,самодостаточный телескоп,6,p,p
133,самодостаточный телескоп,7,p,r
133,самодостаточный телескоп,8,p,p
133,самодостаточный телескоп,9,p,r
134,мозговой ливень,1,r,p
134,мозговой ливень,2,s,p
134,мозговой ливень,3,r,p
134,мозговой ливень,4,s,p
134,мозговой ливень,5,s,r
135,мозговой ливень,1,r,s
135,мозговой ливень,2,r,p
135,мозговой ливень,3,p,p
135,мозговой ливень,4,s,s
135,мозговой ливень,5,r,p
135,мозговой ливень,6,s,s
136,стрессоустойчивый бизнесмен,1,s,p
136,стрессоустойчивый бизнесмен,2,s,p
136,стрессоустойчивый бизнесмен,3,r,r
136,стрессоустойчивый бизнесмен,4,s,p
137,реалистичный банан,1,s,p
137,реалистичный банан,2,s,p
137,реалистичный банан,3,p,p
137,реалистичный банан,4,r,s
138,вайбовый звездолет,1,p,p
138,вайбовый звездолет,2,p,s
138,вайбовый звездолет,3,p,p
138,вайбовый звездолет,4,p,r
138,вайбовый звездолет,5,r,r
138,вайбовый звездолет,6,s,p
138,вайбовый звездолет,7,s,s
138,вайбовый звездолет,8,s,r
138,вайбовый звездолет,9,p,p
138,вайбовый звездолет,10,r,p
139,мозговой ливень,1,s,p
139,мозговой ливень,2,s,p
139,мозговой ливень,3,s,p
140,шикарный буревестник,1,s,p
140,шикарный буревестник,2,s,p
140,шикарный буревестник,3,p,p
140,шикарный буревестник,4,p,r
141,безмятежный спорткар,1,r,r
141,безмятежный спорткар,2,s,p
141,безмятежный спорткар,3,s,s
141,безмятежный спорткар,4,s,r
141,безмятежный спорткар,5,s,r
141,безмятежный спорткар,6,r,p
142,преуспевший кадр,1,r,s
142,преуспевший кадр,2,s,p
142,преуспевший кадр,3,s,r
142,преуспевший кадр,4,r,r
142,преуспевший кадр,5,s,s
142,преуспевший кадр,6,p,p
142,преуспевший кадр,7,p,p
142,преуспевший кадр,8,p,r
143,маневренный козел,1,s,s
143,маневренный козел,2,p,r
143,маневренный козел,3,p,r
143,маневренный козел,4,s,p
144,безмятежный спорткар,1,r,s
144,безмятежный спорткар,2,p,p
144,безмятежный спорткар,3,s,p
144,безмятежный спорткар,4,p,p
144,безмятежный спорткар,5,r,s
145,неунывающий снежный барс,1,s,s
145,неунывающий снежный барс,2,p,r
145,неунывающий снежный барс,3,p,r
145,неунывающий снежный барс,4,r,p
145,неунывающий снежный барс,5,s,s
145,неунывающий снежный барс,6,p,r
146,маневренный козел,1,s,s
146,маневренный козел,2,p,r
146,маневренный козел,3,s,p
146,маневренный козел,4,r,p
146,маневренный козел,5,r,r
146,маневренный козел,6,s,s
146,маневренный козел,7,s,s
146,маневренный козел,8,r,s
147,румяный донжуан,1,r,p
147,румяный донжуан,2,p,p
147,румяный донжуан,3,s,p
147,румяный донжуан,4,p,p
147,румяный донжуан,5,r,p
147,румяный донжуан,6,p,r
147,румяный донжуан,7,s,p
148,маневренный козел,1,r,p
148,маневренный козел,2,p,r
148,маневренный козел,3,s,r
148,маневренный козел,4,s,r
149,респектабельный звук,1,r,r
149,респектабельный звук,2,p,r
149,респектабельный звук,3,r,r
149,респектабельный звук,4,p,p
149,респектабельный звук,5,p,r
149,респектабельный звук,6,p,r
150,маневренный козел,1,r,r
150,маневренный козел,2,r,r
150,маневренный козел,3,r,r
150,маневренный козел,4,p,p
150,маневренный козел,5,s,s
150,маневренный козел,6,p,s
150,маневренный козел,7,s,r
150,маневренный козел,8,s,r
151,респектабельный звук,1,r,p
151,респектабельный звук,2,r,s
151,респектабельный звук,3,r,s
151,респектабельный звук,4,r,p
151,респектабельный звук,5,s,r
152,румяный донжуан,1,s,p
152,румяный донжуан,2,s,p
152,румяный донжуан,3,s,p
153,респектабельный звук,1,s,s
153,респектабельный звук,2,r,p
153,респектабельный звук,3,r,p
153,респектабельный звук,4,p,r
153,респектабельный звук,5,p,p
153,респектабельный звук,6,s,s
153,респектабельный звук,7,p,r
153,респектабельный звук,8,p,p
153,респектабельный звук,9,r,s
154,очаровательный перец,1,p,r
154,очаровательный перец,2,p,p
154,очаровательный перец,3,p,p
154,очаровательный перец,4,s,p
154,очаровательный перец,5,p,s
154,очаровательный перец,6,s,p
155,очаровательный перец,1,p,s
155,очаровательный перец,2,s,s
155,очаровательный перец,3,p,s
155,очаровательный перец,4,p,s
156,мятежный шаман,1,s,p
156,мятежный шаман,2,s,p
156,мятежный шаман,3,r,s
157,очаровательный перец,1,p,s
157,очаровательный перец,2,s,s
157,очаровательный перец,3,r,s
157,очаровательный перец,4,s,p
157,очаровательный перец,5,r,s
158,галактический тайфун,1,p,s
158,галактический тайфун,2,s,r
158,галактический тайфун,3,p,s
159,галактический тайфун,1,s,s
159,галактический тайфун,2,p,s
159,галактический тайфун,3,r,r
159,галактический тайфун,4,p,p
159,галактический тайфун,5,p,r
159,галактический тайфун,6,p,s
159,галактический тайфун,7,r,r
159,галактический тайфун,8,p,p
159,галактический тайфун,9,p,r
159,галактический тайфун,10,r,s
160,рекордный лев,1,s,r
160,рекордный лев,2,p,p
160,рекордный лев,3,r,r
160,рекордный лев,4,r,s
160,рекордный лев,5,r,p
160,рекордный лев,6,p,r
160,рекордный лев,7,s,s
160,рекордный лев,8,p,p
160,рекордный лев,9,r,r
160,рекордный лев,10,r,s
161,беспредельный велосипед,1,s,p
161,беспредельный велосипед,2,s,r
161,беспредельный велосипед,3,p,r
161,беспредельный велосипед,4,r,r
161,беспредельный велосипед,5,r,r
161,беспредельный велосипед,6,p,r
162,хайповый макасин,1,r,p
162,хайповый макасин,2,r,r
162,хайповый макасин,3,p,r
162,хайповый макасин,4,p,s
162,хайповый макасин,5,r,p
163,хайповый макасин,1,p,s
163,хайповый макасин,2,s,s
163,хайповый макасин,3,p,p
163,хайповый макасин,4,p,r
163,хайповый макасин,5,s,r
163,хайповый макасин,6,r,p
164,беспредельный велосипед,1,s,r
164,беспредельный велосипед,2,p,p
164,беспредельный велосипед,3,p,r
164,беспредельный велосипед,4,p,s
164,беспредельный велосипед,5,s,p
164,беспредельный велосипед,6,p,r
165,беспредельный велосипед,1,p,p
165,беспредельный велосипед,2,p,p
165,беспредельный велосипед,3,s,p
165,беспредельный велосипед,4,p,p
165,беспредельный велосипед,5,p,s
165,беспредельный велосипед,6,s,s
165,беспредельный велосипед,7,s,r
165,беспредельный велосипед,8,r,p
166,беспредельный велосипед,1,p,r
166,беспредельный велосипед,2,r,r
166,беспредельный велосипед,3,p,r
166,беспредельный велосипед,4,r,r
166,беспредельный велосипед,5,r,r
166,беспредельный велосипед,6,p,r
167,чувствительный весельчак,1,r,r
167,чувствительный весельчак,2,p,s
167,чувствительный весельчак,3,s,p
167,чувствительный весельчак,4,s,p
167,чувствительный весельчак,5,p,s
167,чувствительный весельчак,6,s,r
168,беспечный лайм,1,r,r
168,беспечный лайм,2,p,p
168,беспечный лайм,3,p,s
168,беспечный лайм,4,s,r
168,беспечный лайм,5,p,p
168,беспечный лайм,6,r,r
168,беспечный лайм,7,p,s
169,соленый воздух,1,r,p
169,соленый воздух,2,p,r
169,соленый воздух,3,p,r
169,соленый воздух,4,s,r
169,соленый воздух,5,p,s
170,беспечный лайм,1,p,r
170,беспечный лайм,2,p,s
170,беспечный лайм,3,s,p
170,беспечный лайм,4,r,r
170,беспечный лайм,5,p,s
170,беспечный лайм,6,p,r
171,беспредельный велосипед,1,p,s
171,беспредельный велосипед,2,s,s
171,беспредельный велосипед,3,p,s
171,беспредельный велосипед,4,s,r
172,хлебный ревизор,1,s,p
172,хлебный ревизор,2,s,s
172,хлебный ревизор,3,r,s
172,хлебный ревизор,4,r,p
172,хлебный ревизор,5,r,r
172,хлебный ревизор,6,p,r
173,импортный олень,1,p,r
173,импортный олень,2,p,r
173,импортный олень,3,r,s
174,очаровательынй перец,1,s,s
174,очаровательынй перец,2,r,r
174,очаровательынй перец,3,p,s
174,очаровательынй перец,4,r,s
174,очаровательынй перец,5,s,p
174,очаровательынй перец,6,p,r
175,снисходительный пингвин,1,p,p
175,снисходительный пингвин,2,p,s
175,снисходительный пингвин,3,p,s
175,снисходительный пингвин,4,s,s
175,снисходительный пингвин,5,s,r
176,снисходительный пингвин,1,s,s
176,снисходительный пингвин,2,r,r
176,снисходительный пингвин,3,p,r
176,снисходительный пингвин,4,s,s
176,снисходительный пингвин,5,p,p
176,снисходительный пингвин,6,p,s
176,снисходительный пингвин,7,s,p
176,снисходительный пингвин,8,r,s
177,снисходительный пингвин,1,r,p
177,снисходительный пингвин,2,p,r
177,снисходительный пингвин,3,r,s
177,снисходительный пингвин,4,r,p
177,снисходительный пингвин,5,p,r
178,снисходительный пингвин,1,s,r
178,снисходительный пингвин,2,r,r
178,снисходительный пингвин,3,r,p
178,снисходительный пингвин,4,s,p
178,снисходительный пингвин,5,r,r
178,снисходительный пингвин,6,r,r
178,снисходительный пингвин,7,p,r
178,снисходительный пингвин,8,r,r
178,снисходительный пингвин,9,r,p
179,топовый штангист,1,p,r
179,топовый штангист,2,p,p
179,топовый штангист,3,s,p
179,топовый штангист,4,s,s
179,топовый штангист,5,s,r
179,топовый штангист,6,r,s
180,интригующий примиритель,1,p,p
180,интригующий примиритель,2,p,s
180,интригующий примиритель,3,s,p
180,интригующий примиритель,4,s,p
180,интригующий примиритель,5,s,s
180,интригующий примиритель,6,r,r
180,интригующий примиритель,7,s,r
180,интригующий примиритель,8,p,p
180,интригующий примиритель,9,r,p
181,интригующий примиритель,1,r,r
181,интригующий примиритель,2,p,s
181,интригующий примиритель,3,s,p
181,интригующий примиритель,4,s,p
181,интригующий примиритель,5,r,s
182,нежный милкшейк,1,p,r
182,нежный милкшейк,2,p,s
182,нежный милкшейк,3,p,r
182,нежный милкшейк,4,s,p
183,нежный милкшейк,1,p,p
183,нежный милкшейк,2,p,r
183,нежный милкшейк,3,r,s
183,нежный милкшейк,4,r,s
184,успешный рубль,1,p,s
184,успешный рубль,2,s,r
184,успешный рубль,3,r,p
185,успешный рубль,1,r,s
185,успешный рубль,2,r,r
185,успешный рубль,3,s,p
185,успешный рубль,4,s,p
186,успешный рубль,1,s,s
186,успешный рубль,2,p,r
186,успешный рубль,3,r,p
186,успешный рубль,4,p,s
186,успешный рубль,5,p,r
186,успешный рубль,6,s,p
187,аномальный пупс,1,p,r
187,аномальный пупс,2,r,s
187,аномальный пупс,3,p,p
187,аномальный пупс,4,p,p
187,аномальный пупс,5,p,p
187,аномальный пупс,6,p,p
187,аномальный пупс,7,p,p
187,аномальный пупс,8,p,r
187,аномальный пупс,9,p,p
187,аномальный пупс,10,p,s
188,родной нектарин,1,p,p
188,родной нектарин,2,p,s
188,родной нектарин,3,s,s
188,родной нектарин,4,r,r
188,родной нектарин,5,r,p
188,родной нектарин,6,s,p
188,родной нектарин,7,s,r
189,родной нектарин,1,p,r
189,родной нектарин,2,p,p
189,родной нектарин,3,p,r
189,родной нектарин,4,s,s
189,родной нектарин,5,p,r
190,беспредельный ананас,1,p,s
190,беспредельный ананас,2,r,p
190,беспредельный ананас,3,r,p
191,чарующий загадочник,1,p,r
191,чарующий загадочник,2,p,s
191,чарующий загадочник,3,s,s
191,чарующий загадочник,4,r,r
191,чарующий загадочник,5,s,p
191,чарующий загадочник,6,s,p
192,беспредельный велосипед,1,s,r
192,беспредельный велосипед,2,r,r
192,беспредельный велосипед,3,p,r
192,беспредельный велосипед,4,p,r
192,беспредельный велосипед,5,r,r
192,беспредельный велосипед,6,p,p
192,беспредельный велосипед,7,s,s
192,беспредельный велосипед,8,r,s
193,беспредельный велосипед,1,s,s
193,беспредельный велосипед,2,p,r
193,беспредельный велосипед,3,p,r
193,беспредельный велосипед,4,r,p
193,беспредельный велосипед,5,s,p
194,беспредельный велосипед,1,s,s
194,беспредельный велосипед,2,p,s
194,беспредельный велосипед,3,s,s
194,беспредельный велосипед,4,p,p
194,беспредельный велосипед,5,s,s
194,беспредельный велосипед,6,r,r
194,беспредельный велосипед,7,r,p
194,беспредельный велосипед,8,r,r
194,беспредельный велосипед,9,p,p
194,беспредельный велосипед,10,r,s
194,беспредельный велосипед,11,s,p
194,беспредельный велосипед,12,p,r
195,наглый юг,1,p,p
195,наглый юг,2,p,p
195,наглый юг,3,p,p
195,наглый юг,4,s,r
195,наглый юг,5,r,p
195,наглый юг,6,r,s
195,наглый юг,7,s,s
195,наглый юг,8,r,p
196,кипящий метеорит,1,p,p
196,кипящий метеорит,2,p,p
196,кипящий метеорит,3,s,r
196,кипящий метеорит,4,p,s
196,кипящий метеорит,5,s,s
196,кипящий метеорит,6,r,p
197,ядовитый галантин,1,p,s
197,ядовитый галантин,2,r,p
197,ядовитый галантин,3,p,s
198,шоколадный август,1,p,s
198,шоколадный август,2,s,p
198,шоколадный август,3,p,r
198,шоколадный август,4,s,r
198,шоколадный август,5,s,s
198,шоколадный август,6,s,s
198,шоколадный август,7,r,s
199,фиолетовый закат,1,p,p
199,фиолетовый закат,2,r,r
199,фиолетовый закат,3,p,r
199,фиолетовый закат,4,p,r
199,фиолетовый закат,5,s,p
200,трудолюбивый жук,1,s,s
200,трудолюбивый жук,2,p,p
200,трудолюбивый жук,3,s,p
200,трудолюбивый жук,4,s,s
200,трудолюбивый жук,5,p,p
200,трудолюбивый жук,6,s,s
200,трудолюбивый жук,7,s,s
200,трудолюбивый жук,8,p,s
200,трудолюбивый жук,9,p,p
200,трудолюбивый жук,10,s,p
200,трудолюбивый жук,11,s,r
200,трудолюбивый жук,12,r,p
201,опытный монитор,1,s,s
201,опытный монитор,2,p,p
201,опытный монитор,3,s,s
201,опытный монитор,4,p,r
201,опытный монитор,5,p,r
201,опытный монитор,6,r,p
201,опытный монитор,7,r,p
201,опытный монитор,8,s,s
201,опытный монитор,9,s,r
202,опытный монитор,1,r,s
202,опытный монитор,2,r,s
202,опытный монитор,3,p,r
203,героический дворец,1,s,p
203,героический дворец,2,s,s
203,героический дворец,3,p,p
203,героический дворец,4,s,r
203,героический дворец,5,r,s
203,героический дворец,6,s,s
203,героический дворец,7,s,p
204,добросердечный памятник,1,s,p
204,добросердечный памятник,2,s,p
204,добросердечный памятник,3,p,s
204,добросердечный памятник,4,s,r
204,добросердечный памятник,5,r,r
204,добросердечный памятник,6,p,r
205,дерзкий фигурист,1,s,p
205,дерзкий фигурист,2,s,s
205,дерзкий фигурист,3,p,r
205,дерзкий фигурист,4,p,r
206,дерзкий фигурист,1,s,s
206,дерзкий фигурист,2,p,r
206,дерзкий фигурист,3,p,p
206,дерзкий фигурист,4,s,p
206,дерзкий фигурист,5,s,p
207,очаровательный перец,1,r,r
207,очаровательный перец,2,s,s
207,очаровательный перец,3,r,r
207,очаровательный перец,4,s,p
207,очаровательный перец,5,p,s
207,очаровательный перец,6,p,p
207,очаровательный перец,7,r,r
207,очаровательный перец,8,s,p
207,очаровательный перец,9,p,r
208,очаровательный перец,1,s,s
208,очаровательный перец,2,p,r
208,очаровательный перец,3,r,r
208,очаровательный перец,4,p,r
208,очаровательный перец,5,r,p
208,очаровательный перец,6,p,p
208,очаровательный перец,7,r,s
209,многолетний жульен,1,s,p
209,многолетний жульен,2,s,p
209,многолетний жульен,3,p,p
209,многолетний жульен,4,p,s
209,многолетний жульен,5,r,r
209,многолетний жульен,6,p,r
210,многолетний жульен,1,s,r
210,многолетний жульен,2,p,p
210,многолетний жульен,3,p,p
210,многолетний жульен,4,s,s
210,многолетний жульен,5,s,p
210,многолетний жульен,6,r,s
210,многолетний жульен,7,r,s
211,многолетний жульен,1,p,r
211,многолетний жульен,2,p,r
211,многолетний жульен,3,s,r
211,многолетний жульен,4,r,s
212,очаровательный перец,1,r,s
212,очаровательный перец,2,r,r
212,очаровательный перец,3,s,r
212,очаровательный перец,4,r,s
212,очаровательный перец,5,r,p
212,очаровательный перец,6,r,p
213,артистичный кунжут,1,s,p
213,артистичный кунжут,2,s,r
213,артистичный кунжут,3,p,p
213,артистичный кунжут,4,r,r
213,артистичный кунжут,5,p,p
213,артистичный кунжут,6,r,p
213,артистичный кунжут,7,s,p
213,артистичный кунжут,8,s,p
214,завистливый глухарь,1,s,r
214,завистливый глухарь,2,p,s
214,завистливый глухарь,3,r,r
214,завистливый глухарь,4,s,p
214,завистливый глухарь,5,s,s
214,завистливый глухарь,6,p,s
215,кудрявый вомбат,1,s,s
215,кудрявый вомбат,2,p,s
215,кудрявый вомбат,3,r,p
215,кудрявый вомбат,4,r,r
215,кудрявый вомбат,5,p,p
215,кудрявый вомбат,6,r,p
216,белый одуванчик,1,s,r
216,белый одуванчик,2,p,r
216,белый одуванчик,3,p,p
216,белый одуванчик,4,s,p
216,белый одуванчик,5,s,p
217,очаровательный перец,1,p,r
217,очаровательный перец,2,r,p
217,очаровательный перец,3,s,p
217,очаровательный перец,4,r,s
218,кудрявый вомбат,1,p,s
218,кудрявый вомбат,2,p,p
218,кудрявый вомбат,3,s,p
218,кудрявый вомбат,4,r,s
218,кудрявый вомбат,5,p,r
219,очаровательный перец,1,r,s
219,очаровательный перец,2,r,s
219,очаровательный перец,3,s,p
220,очаровательный перец,1,p,r
220,очаровательный перец,2,p,p
220,очаровательный перец,3,p,p
220,очаровательный перец,4,s,s
220,очаровательный перец,5,s,s
220,очаровательный перец,6,p,r
220,очаровательный перец,7,p,r
221,кислотный гудок,1,s,p
221,кислотный гудок,2,s,r
221,кислотный гудок,3,p,s
221,кислотный гудок,4,r,s
221,кислотный гудок,5,r,s
222,единственный каракал,1,s,r
222,единственный каракал,2,p,s
222,единственный каракал,3,p,p
222,единственный каракал,4,s,r
223,изворотливый звук,1,s,p
223,изворотливый звук,2,s,p
223,изворотливый звук,3,r,s
224,изворотливый звук,1,r,r
224,изворотливый звук,2,p,p
224,изворотливый звук,3,r,p
224,изворотливый звук,4,r,s
224,изворотливый звук,5,s,p
224,изворотливый звук,6,r,p
224,изворотливый звук,7,p,r
225,мартовский кумкват,1,s,s
225,мартовский кумкват,2,p,s
225,мартовский кумкват,3,s,p
225,мартовский кумкват,4,r,p
225,мартовский кумкват,5,p,s
226,мартовский кумкват,1,p,p
226,мартовский кумкват,2,s,s
226,мартовский кумкват,3,r,r
226,мартовский кумкват,4,s,p
226,мартовский кумкват,5,s,s
226,мартовский кумкват,6,s,r
226,мартовский кумкват,7,p,r
226,мартовский кумкват,8,s,p
227,неутомимый цыган,1,s,r
227,неутомимый цыган,2,p,r
227,неутомимый цыган,3,p,s
227,неутомимый цыган,4,s,p
227,неутомимый цыган,5,p,r
228,декоративный еж,1,s,r
228,декоративный еж,2,p,r
228,декоративный еж,3,r,r
228,декоративный еж,4,p,s
228,декоративный еж,5,r,p
229,ежевичный папирус,1,s,r
229,ежевичный папирус,2,p,r
229,ежевичный папирус,3,p,r
229,ежевичный папирус,4,s,s
229,ежевичный папирус,5,r,r
229,ежевичный папирус,6,p,p
229,ежевичный папирус,7,r,p
229,ежевичный папирус,8,r,s
230,ежевичный папирус,1,s,p
230,ежевичный папирус,2,s,s
230,ежевичный папирус,3,p,p
230,ежевичный папирус,4,s,s
230,ежевичный папирус,5,s,s
230,ежевичный папирус,6,r,s
230,ежевичный папирус,7,r,p
230,ежевичный папирус,8,s,s
230,ежевичный папирус,9,s,r
230,ежевичный папирус,10,s,p
231,арктический сапфир,1,s,p
231,арктический сапфир,2,s,p
231,арктический сапфир,3,r,p
231,арктический сапфир,4,r,r
231,арктический сапфир,5,p,r
232,очаровательный перец,1,s,s
232,очаровательный перец,2,p,p
232,очаровательный перец,3,s,p
232,очаровательный перец,4,r,s
232,очаровательный перец,5,p,s
232,очаровательный перец,6,p,s
232,очаровательный перец,7,s,r
233,хулиганский дьякон,1,s,p
233,хулиганский дьякон,2,s,p
233,хулиганский дьякон,3,s,r
233,хулиганский дьякон,4,r,s
234,очаровательный перец,1,r,s
234,очаровательный перец,2,r,r
234,очаровательный перец,3,p,r
234,очаровательный перец,4,s,r
234,очаровательный перец,5,r,p
234,очаровательный перец,6,r,s
235,очаровательный перец,1,s,r
235,очаровательный перец,2,p,p
235,очаровательный перец,3,s,s
235,очаровательный перец,4,r,r
235,очаровательный перец,5,r,p
235,очаровательный перец,6,r,r
235,очаровательный перец,7,r,s
235,очаровательный перец,8,p,p
235,очаровательный перец,9,s,r
236,безукоризненный лампион,1,s,r
236,безукоризненный лампион,2,p,p
236,безукоризненный лампион,3,p,p
236,безукоризненный лампион,4,s,p
236,безукоризненный лампион,5,s,p
236,безукоризненный лампион,6,r,r
236,безукоризненный лампион,7,r,s
237,невинный кратор,1,s,p
237,невинный кратор,2,s,p
237,невинный кратор,3,r,s
238,счастливейший интроверт,1,s,s
238,счастливейший интроверт,2,p,r
238,счастливейший интроверт,3,p,s
238,счастливейший интроверт,4,s,p
238,счастливейший интроверт,5,p,r
239,балконный орфей,1,s,s
239,балконный орфей,2,p,r
239,балконный орфей,3,p,r
239,балконный орфей,4,s,s
239,балконный орфей,5,r,r
239,балконный орфей,6,p,p
239,балконный орфей,7,r,s
240,балконный орфей,1,r,p
240,балконный орфей,2,p,r
240,балконный орфей,3,p,r
240,балконный орфей,4,s,r
240,балконный орфей,5,r,p
241,маринованный биатлонист,1,s,r
241,маринованный биатлонист,2,p,r
241,маринованный биатлонист,3,p,r
241,маринованный биатлонист,4,s,r
241,маринованный биатлонист,5,r,p
242,маринованный биатлонист,1,r,p
242,маринованный биатлонист,2,p,p
242,маринованный биатлонист,3,s,r
242,маринованный биатлонист,4,s,s
242,маринованный биатлонист,5,r,s
242,маринованный биатлонист,6,p,s
243,кислотный талисман,1,s,p
243,кислотный талисман,2,s,p
243,кислотный талисман,3,r,p
243,кислотный талисман,4,r,r
243,кислотный талисман,5,p,s
243,кислотный талисман,6,p,s
244,кислотный талисман,1,r,p
244,кислотный талисман,2,p,p
244,кислотный талисман,3,s,r
244,кислотный талисман,4,s,s
244,кислотный талисман,5,r,p
245,маринованный биатлонист,1,r,s
245,маринованный биатлонист,2,r,s
245,маринованный биатлонист,3,p,s
245,маринованный биатлонист,4,s,r
245,маринованный биатлонист,5,r,p
246,маринованный биатлонист,1,r,r
246,маринованный биатлонист,2,p,r
246,маринованный биатлонист,3,r,r
246,маринованный биатлонист,4,p,r
246,маринованный биатлонист,5,r,r
246,маринованный биатлонист,6,p,p
246,маринованный биатлонист,7,r,p
246,маринованный биатлонист,8,p,s
246,маринованный биатлонист,9,p,r
247,легкий загадочник,1,s,s
247,легкий загадочник,2,p,s
247,легкий загадочник,3,s,p
247,легкий загадочник,4,r,p
247,легкий загадочник,5,p,s
248,брызжущий лазурит,1,s,s
248,брызжущий лазурит,2,p,s
248,брызжущий лазурит,3,s,s
248,брызжущий лазурит,4,r,p
248,брызжущий лазурит,5,p,r
248,брызжущий лазурит,6,p,s
249,неуловимый прогноз,1,s,r
249,неуловимый прогноз,2,s,r
249,неуловимый прогноз,3,s,p
249,неуловимый прогноз,4,p,r
249,неуловимый прогноз,5,r,p
250,хрустящий ирбис,1,s,r
250,хрустящий ирбис,2,p,s
250,хрустящий ирбис,3,p,p
250,хрустящий ирбис,4,s,r
251,жидкий омар,1,s,r
251,жидкий омар,2,p,r
251,жидкий омар,3,p,r
251,жидкий омар,4,s,s
251,жидкий омар,5,r,r
251,жидкий омар,6,p,r
252,знаменитый ноябрь,1,s,r
252,знаменитый ноябрь,2,p,s
252,знаменитый ноябрь,3,s,s
252,знаменитый ноябрь,4,r,p
253,знаменитый ноябрь,1,p,p
253,знаменитый ноябрь,2,s,p
253,знаменитый ноябрь,3,s,s
253,знаменитый ноябрь,4,p,p
253,знаменитый ноябрь,5,r,r
253,знаменитый ноябрь,6,p,p
253,знаменитый ноябрь,7,r,r
253,знаменитый ноябрь,8,r,r
253,знаменитый ноябрь,9,r,r
253,знаменитый ноябрь,10,p,s
253,знаменитый ноябрь,11,s,p
253,знаменитый ноябрь,12,p,p
253,знаменитый ноябрь,13,s,p
254,трудолюбивый жук,1,r,r
254,трудолюбивый жук,2,p,s
254,трудолюбивый жук,3,s,p
254,трудолюбивый жук,4,r,s
254,трудолюбивый жук,5,p,p
254,трудолюбивый жук,6,r,r
254,трудолюбивый жук,7,r,r
254,трудолюбивый жук,8,p,r
255,трудолюбивый жук,1,p,r
255,трудолюбивый жук,2,r,r
255,трудолюбивый жук,3,p,r
255,трудолюбивый жук,4,r,r
255,трудолюбивый жук,5,p,s
255,трудолюбивый жук,6,p,p
255,трудолюбивый жук,7,r,p
255,трудолюбивый жук,8,r,s
256,изумрудный бизон,1,p,p
256,изумрудный бизон,2,s,s
256,изумрудный бизон,3,r,r
256,изумрудный бизон,4,s,s
256,изумрудный бизон,5,s,r
256,изумрудный бизон,6,r,s
256,изумрудный бизон,7,r,s
256,изумрудный бизон,8,p,s
256,изумрудный бизон,9,p,p
256,изумрудный бизон,10,s,r
257,непослушный крысенок,1,p,r
257,непослушный крысенок,2,r,r
257,непослушный крысенок,3,p,p
257,непослушный крысенок,4,p,s
257,непослушный крысенок,5,r,s
257,непослушный крысенок,6,r,s
258,восхитительный приколист,1,p,s
258,восхитительный приколист,2,p,p
258,восхитительный приколист,3,s,s
258,восхитительный приколист,4,r,p
258,восхитительный приколист,5,p,r
258,восхитительный приколист,6,p,s
259,великодушный торт,1,s,r
259,великодушный торт,2,p,s
259,великодушный торт,3,s,p
259,великодушный торт,4,r,p
260,изумрудный бизон,1,p,p
260,изумрудный бизон,2,r,r
260,изумрудный бизон,3,p,r
260,изумрудный бизон,4,r,r
260,изумрудный бизон,5,p,r
260,изумрудный бизон,6,p,s
260,изумрудный бизон,7,s,p
261,изумрудный бизон,1,s,r
261,изумрудный бизон,2,p,p
261,изумрудный бизон,3,p,p
261,изумрудный бизон,4,s,r
261,изумрудный бизон,5,r,s
261,изумрудный бизон,6,r,s
261,изумрудный бизон,7,r,s
262,изумрудный бизон,1,s,s
262,изумрудный бизон,2,s,p
262,изумрудный бизон,3,p,p
262,изумрудный бизон,4,p,p
262,изумрудный бизон,5,r,s
262,изумрудный бизон,6,r,s
263,великодушный торт,1,s,r
263,великодушный торт,2,r,s
263,великодушный торт,3,p,p
263,великодушный торт,4,s,p
263,великодушный торт,5,s,s
263,великодушный торт,6,s,p
264,пернатый зяблик,1,p,s
264,пернатый зяблик,2,p,s
264,пернатый зяблик,3,s,p
264,пернатый зяблик,4,r,s
264,пернатый зяблик,5,p,r
265,мудрый диск,1,p,s
265,мудрый диск,2,p,p
265,мудрый диск,3,r,r
265,мудрый диск,4,s,s
265,мудрый диск,5,s,s
265,мудрый диск,6,r,s
265,мудрый диск,7,r,p
265,мудрый диск,8,r,p
266,мудрый диск,1,r,s
266,мудрый диск,2,r,s
266,мудрый диск,3,p,p
266,мудрый диск,4,s,p
267,безмятежный сатир,1,p,s
267,безмятежный сатир,2,s,s
267,безмятежный сатир,3,r,p
267,безмятежный сатир,4,p,s
268,уравновешенный материалист,1,p,s
268,уравновешенный материалист,2,s,s
268,уравновешенный материалист,3,s,p
268,уравновешенный материалист,4,r,r
268,уравновешенный материалист,5,p,r
268,уравновешенный материалист,6,p,p
268,уравновешенный материалист,7,s,p
269,бодрый профессионал,1,p,s
269,бодрый профессионал,2,s,r
269,бодрый профессионал,3,r,s
269,бодрый профессионал,4,s,s
269,бодрый профессионал,5,p,p
269,бодрый профессионал,6,r,p
270,могущественный спутник,1,p,r
270,могущественный спутник,2,r,s
270,могущественный спутник,3,s,r
270,могущественный спутник,4,s,p
271,бодрый профессионал,1,r,s
271,бодрый профессионал,2,r,r
271,бодрый профессионал,3,p,s
271,бодрый профессионал,4,s,p
271,бодрый профессионал,5,p,p
271,бодрый профессионал,6,r,s
272,аристократический барометр,1,p,s
272,аристократический барометр,2,s,s
272,аристократический барометр,3,s,r
272,аристократический барометр,4,s,r
273,кокосовый трудоголик,1,p,s
273,кокосовый трудоголик,2,s,p
273,кокосовый трудоголик,3,r,r
273,кокосовый трудоголик,4,p,s
273,кокосовый трудоголик,5,r,r
273,кокосовый трудоголик,6,r,s
273,кокосовый трудоголик,7,r,p
274,кокосовый трудоголик,1,r,r
274,кокосовый трудоголик,2,p,r
274,кокосовый трудоголик,3,p,p
274,кокосовый трудоголик,4,s,s
274,кокосовый трудоголик,5,s,s
274,кокосовый трудоголик,6,r,s
274,кокосовый трудоголик,7,r,s
275,аристократический барометр,1,s,s
275,аристократический барометр,2,p,s
275,аристократический барометр,3,s,r
275,аристократический барометр,4,p,s
276,нарисованный жених,1,p,r
276,нарисованный жених,2,r,p
276,нарисованный жених,3,r,s
276,нарисованный жених,4,s,r
276,нарисованный жених,5,r,r
276,нарисованный жених,6,p,s
277,загадочный гуляка,1,p,r
277,загадочный гуляка,2,r,s
277,загадочный гуляка,3,p,r
278,малиновый репортер,1,p,s
278,малиновый репортер,2,s,s
278,малиновый репортер,3,p,p
278,малиновый репортер,4,s,p
278,малиновый репортер,5,s,p
278,малиновый репортер,6,r,p
278,малиновый репортер,7,s,r
279,сапфировый восток,1,p,p
279,сапфировый восток,2,s,p
279,сапфировый восток,3,s,p
279,сапфировый восток,4,r,s
280,радостный сосед,1,p,s
280,радостный сосед,2,s,p
280,радостный сосед,3,r,p
280,радостный сосед,4,r,r
280,радостный сосед,5,p,s
281,многолетний круг,1,p,r
281,многолетний круг,2,r,s
281,многолетний круг,3,p,r
282,радостный сосед,1,r,r
282,радостный сосед,2,p,r
282,радостный сосед,3,p,p
282,радостный сосед,4,s,r
282,радостный сосед,5,r,p
282,радостный сосед,6,r,s
282,радостный сосед,7,r,p
283,местный палантин,1,p,p
283,местный палантин,2,s,s
283,местный палантин,3,p,s
283,местный палантин,4,s,r
283,местный палантин,5,r,r
283,местный палантин,6,p,p
283,местный палантин,7,r,s
283,местный палантин,8,p,s
284,огромный шакал,1,p,s
284,огромный шакал,2,s,s
284,огромный шакал,3,s,r
284,огромный шакал,4,p,r
284,огромный шакал,5,r,r
284,огромный шакал,6,p,r
284,огромный шакал,7,p,s
285,местный палантин,1,p,s
285,местный палантин,2,s,s
285,местный палантин,3,r,r
285,местный палантин,4,s,s
285,местный палантин,5,s,r
285,местный палантин,6,r,p
286,огромный шакал,1,r,r
286,огромный шакал,2,p,p
286,огромный шакал,3,r,r
286,огромный шакал,4,r,s
286,огромный шакал,5,r,s
286,огромный шакал,6,r,r
286,огромный шакал,7,p,p
286,огромный шакал,8,s,p
287,местный палантин,1,s,s
287,местный палантин,2,p,s
287,местный палантин,3,s,r
287,местный палантин,4,p,p
287,местный палантин,5,p,s
288,местный палантин,1,s,r
288,местный палантин,2,s,p
288,местный палантин,3,s,p
288,местный палантин,4,r,p
288,местный палантин,5,p,r
289,местный палантин,1,s,s
289,местный палантин,2,r,s
289,местный палантин,3,r,s
289,местный палантин,4,p,r
290,еловый единорог,1,p,r
290,еловый единорог,2,r,r
290,еловый единорог,3,p,p
290,еловый единорог,4,p,r
290,еловый единорог,5,p,s
290,еловый единорог,6,p,r
291,ядовитый чужеземец,1,p,p
291,ядовитый чужеземец,2,s,p
291,ядовитый чужеземец,3,s,p
291,ядовитый чужеземец,4,r,p
291,ядовитый чужеземец,5,p,r
292,ядовитый чужеземец,1,p,p
292,ядовитый чужеземец,2,s,r
292,ядовитый чужеземец,3,s,p
292,ядовитый чужеземец,4,p,p
292,ядовитый чужеземец,5,s,r
292,ядовитый чужеземец,6,r,r
292,ядовитый чужеземец,7,p,p
292,ядовитый чужеземец,8,s,p
292,ядовитый чужеземец,9,p,p
292,ядовитый чужеземец,10,s,p
293,лиричный леопард,1,p,p
293,лиричный леопард,2,s,p
293,лиричный леопард,3,s,p
293,лиричный леопард,4,r,p
293,лиричный леопард,5,p,r
294,блистательный волк,1,p,s
294,блистательный волк,2,s,p
294,блистательный волк,3,p,r
294,блистательный волк,4,s,s
294,блистательный волк,5,r,s
295,живительный подосиновик,1,p,p
295,живительный подосиновик,2,s,p
295,живительный подосиновик,3,s,r
295,живительный подосиновик,4,p,p
295,живительный подосиновик,5,p,s
295,живительный подосиновик,6,p,r
295,живительный подосиновик,7,s,r
296,живительный подосиновик,1,p,r
296,живительный подосиновик,2,r,r
296,живительный подосиновик,3,p,s
296,живительный подосиновик,4,s,p
296,живительный подосиновик,5,p,r
297,энергичный волк,1,s,s
297,энергичный волк,2,p,s
297,энергичный волк,3,s,s
297,энергичный волк,4,r,r
297,энергичный волк,5,s,r
297,энергичный волк,6,r,p
298,обаятельный журавль,1,p,p
298,обаятельный журавль,2,s,s
298,обаятельный журавль,3,r,r
298,обаятельный журавль,4,p,r
298,обаятельный журавль,5,s,p
298,обаятельный журавль,6,r,p
298,обаятельный журавль,7,s,p
299,виртуальный выхухоль,1,s,p
299,виртуальный выхухоль,2,s,p
299,виртуальный выхухоль,3,s,s
299,виртуальный выхухоль,4,r,p
299,виртуальный выхухоль,5,p,s
299,виртуальный выхухоль,6,p,r
300,обаятельный журавль,1,p,s
300,обаятельный журавль,2,s,s
300,обаятельный журавль,3,p,p
300,обаятельный журавль,4,s,r
300,обаятельный журавль,5,s,p
300,обаятельный журавль,6,r,r
300,обаятельный журавль,7,r,s
300,обаятельный журавль,8,s,r
301,обаятельный журавль,1,p,p
301,обаятельный журавль,2,p,r
301,обаятельный журавль,3,p,r
301,обаятельный журавль,4,s,p
302,пикантный клей,1,s,p
302,пикантный клей,2,s,p
302,пикантный клей,3,r,p
302,пикантный клей,4,p,r
303,обаятельный журавль,1,p,p
303,обаятельный журавль,2,s,p
303,обаятельный журавль,3,s,s
303,обаятельный журавль,4,p,r
303,обаятельный журавль,5,r,s
304,обаятельный журавль,1,s,p
304,обаятельный журавль,2,p,p
304,обаятельный журавль,3,s,r
304,обаятельный журавль,4,s,r
304,обаятельный журавль,5,s,s
304,обаятельный журавль,6,s,p
304,обаятельный журавль,7,p,s
305,прогрессивный турникмен,1,s,p
305,прогрессивный турникмен,2,s,p
305,прогрессивный турникмен,3,s,r
305,прогрессивный турникмен,4,p,r
306,принципиальный хворост,1,s,r
306,принципиальный хворост,2,p,p
306,принципиальный хворост,3,p,p
306,принципиальный хворост,4,s,p
306,принципиальный хворост,5,s,s
306,принципиальный хворост,6,s,r
306,принципиальный хворост,7,s,r
307,расчетливый циркач,1,s,p
307,расчетливый циркач,2,s,p
307,расчетливый циркач,3,s,r
307,расчетливый циркач,4,p,p
307,расчетливый циркач,5,p,r
308,прогрессивный турникмен,1,p,s
308,прогрессивный турникмен,2,s,s
308,прогрессивный турникмен,3,p,p
308,прогрессивный турникмен,4,s,p
308,прогрессивный турникмен,5,s,p
308,прогрессивный турникмен,6,r,s
309,приветливый топаз,1,s,r
309,приветливый топаз,2,p,r
309,приветливый топаз,3,p,r
309,приветливый топаз,4,s,p
310,влиятельный жук,1,s,s
310,влиятельный жук,2,p,p
310,влиятельный жук,3,s,p
310,влиятельный жук,4,s,p
310,влиятельный жук,5,s,p
311,влиятельный жук,1,s,r
311,влиятельный жук,2,p,s
311,влиятельный жук,3,s,s
311,влиятельный жук,4,r,s
311,влиятельный жук,5,r,s
311,влиятельный жук,6,r,p
312,влиятельный жук,1,r,s
312,влиятельный жук,2,s,s
312,влиятельный жук,3,r,p
312,влиятельный жук,4,s,p
312,влиятельный жук,5,s,p
313,высокий десерт,1,s,r
313,высокий десерт,2,p,p
313,высокий десерт,3,s,p
313,высокий десерт,4,s,p
313,высокий десерт,5,p,s
313,высокий десерт,6,p,r
314,жестяной крюк,1,s,r
314,жестяной крюк,2,p,r
314,жестяной крюк,3,p,r
314,жестяной крюк,4,s,p
315,жестяной крюк,1,r,s
315,жестяной крюк,2,r,r
315,жестяной крюк,3,p,r
315,жестяной крюк,4,s,r
315,жестяной крюк,5,r,r
315,жестяной крюк,6,p,r
316,альтернативный клещ,1,s,r
316,альтернативный клещ,2,p,p
316,альтернативный клещ,3,s,p
316,альтернативный клещ,4,s,s
316,альтернативный клещ,5,p,r
316,альтернативный клещ,6,p,r
317,расслабленный гиппогриф,1,s,p
317,расслабленный гиппогриф,2,s,r
317,расслабленный гиппогриф,3,p,s
317,расслабленный гиппогриф,4,r,p
318,проворный гитарист,1,p,p
318,проворный гитарист,2,s,r
319,ленивый радиоведущий,1,p,p
319,ленивый радиоведущий,2,s,r
319,ленивый радиоведущий,3,s,s
319,ленивый радиоведущий,4,p,p
319,ленивый радиоведущий,5,r,r
319,ленивый радиоведущий,6,p,r
319,ленивый радиоведущий,7,p,r
319,ленивый радиоведущий,8,r,p
319,ленивый радиоведущий,9,s,p
320,занятный граб,1,p,r
320,занятный граб,2,s,s
320,занятный граб,3,p,s
320,занятный граб,4,s,s
320,занятный граб,5,s,p
320,занятный граб,6,r,p
320,занятный граб,7,s,r
321,компактный приколист,1,s,p
321,компактный приколист,2,s,p
321,компактный приколист,3,r,p
321,компактный приколист,4,p,s
321,компактный приколист,5,p,p
321,компактный приколист,6,r,r
321,компактный приколист,7,r,r
321,компактный приколист,8,r,s
322,непредсказуемый принтер,1,p,p
322,непредсказуемый принтер,2,r,r
322,непредсказуемый принтер,3,r,p
322,непредсказуемый принтер,4,r,s
322,непредсказуемый принтер,5,s,s
322,непредсказуемый принтер,6,s,r
322,непредсказуемый принтер,7,s,p
322,непредсказуемый принтер,8,p,r
323,серебристый конспект,1,s,p
323,серебристый конспект,2,s,s
323,серебристый конспект,3,p,s
323,серебристый конспект,4,s,s
323,серебристый конспект,5,s,s
323,серебристый конспект,6,r,r
323,серебристый конспект,7,r,r
323,серебристый конспект,8,r,s
323,серебристый конспект,9,s,s
323,серебристый конспект,10,s,r
323,серебристый конспект,11,r,s
324,дерзкий фигурист,1,r,r
324,дерзкий фигурист,2,p,p
324,дерзкий фигурист,3,r,p
324,дерзкий фигурист,4,r,p
324,дерзкий фигурист,5,p,p
324,дерзкий фигурист,6,r,r
324,дерзкий фигурист,7,r,p
325,дерзкий фигурист,1,p,s
325,дерзкий фигурист,2,s,r
325,дерзкий фигурист,3,r,p
326,цветущий тартар,1,s,p
326,цветущий тартар,2,s,s
326,цветущий тартар,3,p,s
326,цветущий тартар,4,s,s
326,цветущий тартар,5,s,p
326,цветущий тартар,6,r,p
326,цветущий тартар,7,s,r
327,цветущий тартар,1,p,r
327,цветущий тартар,2,r,p
327,цветущий тартар,3,r,r
327,цветущий тартар,4,r,r
327,цветущий тартар,5,p,p
327,цветущий тартар,6,r,p
327,цветущий тартар,7,s,s
327,цветущий тартар,8,s,r
328,расчетливый огород,1,s,p
328,расчетливый огород,2,s,p
328,расчетливый огород,3,s,p
329,снисходительный хитрец,1,s,r
329,снисходительный хитрец,2,p,p
329,снисходительный хитрец,3,s,p
329,снисходительный хитрец,4,s,p
329,снисходительный хитрец,5,p,p
329,снисходительный хитрец,6,r,s
330,нарисованный самец,1,s,s
330,нарисованный самец,2,p,r
330,нарисованный самец,3,p,r
330,нарисованный самец,4,s,r
330,нарисованный самец,5,r,s
331,импульсивный рыбак,1,s,r
331,импульсивный рыбак,2,p,r
331,импульсивный рыбак,3,p,s
331,импульсивный рыбак,4,s,r
332,веселый химик,1,s,s
332,веселый химик,2,p,s
332,веселый химик,3,s,p
332,веселый химик,4,r,s
332,веселый химик,5,p,r
333,умиленный телезритель,1,s,s
333,умиленный телезритель,2,r,p
333,умиленный телезритель,3,r,r
333,умиленный телезритель,4,r,p
333,умиленный телезритель,5,p,s
334,умиленный телезритель,1,r,r
334,умиленный телезритель,2,p,s
334,умиленный телезритель,3,s,r
334,умиленный телезритель,4,p,p
334,умиленный телезритель,5,p,r
334,умиленный телезритель,6,p,r
334,умиленный телезритель,7,p,s
335,мягкий глаз,1,r,r
335,мягкий глаз,2,s,p
335,мягкий глаз,3,r,r
335,мягкий глаз,4,p,p
335,мягкий глаз,5,p,s
335,мягкий глаз,6,p,s
335,мягкий глаз,7,s,p
335,мягкий глаз,8,p,s
336,очаровательный перец,1,r,s
336,очаровательный перец,2,r,r
336,очаровательный перец,3,p,s
336,очаровательный перец,4,p,s
336,очаровательный перец,5,s,r
337,очаровательный перец,1,p,r
337,очаровательный перец,2,s,s
337,очаровательный перец,3,r,s
337,очаровательный перец,4,s,r
337,очаровательный перец,5,s,r
337,очаровательный перец,6,r,r
337,очаровательный перец,7,p,p
337,очаровательный перец,8,p,r
338,матерый стрелок,1,s,s
338,матерый стрелок,2,r,p
338,матерый стрелок,3,p,s
338,матерый стрелок,4,s,r
339,мятный василиск,1,s,r
339,мятный василиск,2,p,p
339,мятный василиск,3,s,p
339,мятный василиск,4,s,p
339,мятный василиск,5,p,s
339,мятный василиск,6,p,s
340,шедевральный любитель,1,s,p
340,шедевральный любитель,2,s,p
340,шедевральный любитель,3,s,s
340,шедевральный любитель,4,p,s
340,шедевральный любитель,5,r,s
341,янтарный бургер,1,s,s
341,янтарный бургер,2,p,r
341,янтарный бургер,3,p,p
341,янтарный бургер,4,p,s
341,янтарный бургер,5,r,r
341,янтарный бургер,6,r,r
341,янтарный бургер,7,s,p
341,янтарный бургер,8,p,p
341,янтарный бургер,9,s,s
341,янтарный бургер,10,p,s
341,янтарный бургер,11,r,r
341,янтарный бургер,12,r,p
342,трудолюбивый хорек,1,s,s
342,трудолюбивый хорек,2,p,s
342,трудолюбивый хорек,3,s,r
342,трудолюбивый хорек,4,p,p
342,трудолюбивый хорек,5,p,r
342,трудолюбивый хорек,6,p,s
343,ленивый радиоведущий,1,s,r
343,ленивый радиоведущий,2,p,r
343,ленивый радиоведущий,3,p,r
343,ленивый радиоведущий,4,s,p
344,ленивый радиоведущий,1,p,r
344,ленивый радиоведущий,2,r,s
344,ленивый радиоведущий,3,p,p
344,ленивый радиоведущий,4,p,r
345,мятежный гладиолус,1,s,r
345,мятежный гладиолус,2,p,s
345,мятежный гладиолус,3,s,r
346,мятежный гладиолус,1,p,s
346,мятежный гладиолус,2,s,s
346,мятежный гладиолус,3,p,p
346,мятежный гладиолус,4,p,p
346,мятежный гладиолус,5,r,p
346,мятежный гладиолус,6,r,r
346,мятежный гладиолус,7,r,s
346,мятежный гладиолус,8,r,s
346,мятежный гладиолус,9,s,s
346,мятежный гладиолус,10,r,s
347,колоритный репортер,1,s,p
347,колоритный репортер,2,s,p
347,колоритный репортер,3,s,p
348,непринужденный ученик,1,s,p
348,непринужденный ученик,2,s,r
348,непринужденный ученик,3,r,p
348,непринужденный ученик,4,r,s
348,непринужденный ученик,5,s,p
349,шелковый гиацинт,1,s,p
349,шелковый гиацинт,2,s,s
349,шелковый гиацинт,3,r,s
349,шелковый гиацинт,4,s,r
349,шелковый гиацинт,5,s,p
350,шелковый гиацинт,1,r,p
350,шелковый гиацинт,2,p,s
350,шелковый гиацинт,3,r,r
350,шелковый гиацинт,4,p,s
351,шелковый гиацинт,1,s,p
351,шелковый гиацинт,2,s,s
351,шелковый гиацинт,3,r,r
351,шелковый гиацинт,4,p,p
351,шелковый гиацинт,5,s,r
351,шелковый гиацинт,6,r,p
351,шелковый гиацинт,7,s,r
352,меткий восток,1,s,s
352,меткий восток,2,p,s
352,меткий восток,3,s,r
352,меткий восток,4,p,r
352,меткий восток,5,r,s
352,меткий восток,6,r,s
353,ликующий скат,1,s,p
353,ликующий скат,2,s,p
353,ликующий скат,3,s,s
353,ликующий скат,4,p,r
354,ликующий скат,1,p,r
354,ликующий скат,2,r,s
354,ликующий скат,3,p,r
355,ликующий скат,1,s,s
355,ликующий скат,2,s,r
355,ликующий скат,3,s,s
355,ликующий скат,4,p,r
355,ликующий скат,5,p,r
355,ликующий скат,6,s,p
356,малиновый репортер,1,r,r
356,малиновый репортер,2,p,r
356,малиновый репортер,3,p,s
356,малиновый репортер,4,s,r
356,малиновый репортер,5,s,p
356,малиновый репортер,6,r,r
357,обаятельный журавль,1,s,p
357,обаятельный журавль,2,s,s
357,обаятельный журавль,3,p,r
357,обаятельный журавль,4,r,p
357,обаятельный журавль,5,p,s
357,обаятельный журавль,6,p,s
358,малиновый репортер,1,r,s
358,малиновый репортер,2,r,r
358,малиновый репортер,3,p,s
358,малиновый репортер,4,p,p
358,малиновый репортер,5,r,r
358,малиновый репортер,6,p,r
358,малиновый репортер,7,p,p
358,малиновый репортер,8,p,s
358,малиновый репортер,9,r,r
358,малиновый репортер,10,p,p
358,малиновый репортер,11,r,p
359,малиновый репортер,1,s,r
359,малиновый репортер,2,r,r
359,малиновый репортер,3,r,p
359,малиновый репортер,4,r,r
359,малиновый репортер,5,p,r
359,малиновый репортер,6,p,p
359,малиновый репортер,7,s,p
359,малиновый репортер,8,p,s
360,малиновый репортер,1,p,s
360,малиновый репортер,2,r,p
360,малиновый репортер,3,r,p
361,очаровательный перец,1,r,p
361,очаровательный перец,2,r,s
361,очаровательный перец,3,s,r
361,очаровательный перец,4,p,r
361,очаровательный перец,5,r,r
361,очаровательный перец,6,s,p
362,очаровательный перец,1,r,p
362,очаровательный перец,2,r,p
362,очаровательный перец,3,s,p
362,очаровательный перец,4,r,s
362,очаровательный перец,5,p,p
362,очаровательный перец,6,p,p
362,очаровательный перец,7,p,s
363,толковый поклонник,1,s,s
363,толковый поклонник,2,r,r
363,толковый поклонник,3,s,r
363,толковый поклонник,4,r,s
363,толковый поклонник,5,r,s
363,толковый поклонник,6,r,s
364,умиленный саксофон,1,s,s
364,умиленный саксофон,2,r,s
364,умиленный саксофон,3,p,r
364,умиленный саксофон,4,r,s
365,смелый лабладор,1,s,r
365,смелый лабладор,2,p,p
365,смелый лабладор,3,s,s
365,смелый лабладор,4,r,r
365,смелый лабладор,5,s,p
365,смелый лабладор,6,s,s
365,смелый лабладор,7,s,s
365,смелый лабладор,8,s,s
365,смелый лабладор,9,p,r
365,смелый лабладор,10,r,r
365,смелый лабладор,11,s,s
365,смелый лабладор,12,r,p
365,смелый лабладор,13,s,r
366,очаровательный перец,1,p,s
366,очаровательный перец,2,s,p
366,очаровательный перец,3,s,r
366,очаровательный перец,4,p,r
366,очаровательный перец,5,r,p
367,смелый лабладор,1,p,s
367,смелый лабладор,2,s,s
367,смелый лабладор,3,p,p
367,смелый лабладор,4,p,s
367,смелый лабладор,5,r,r
368,причудливый подвиг,1,s,p
368,причудливый подвиг,2,s,s
368,причудливый подвиг,3,r,p
368,причудливый подвиг,4,r,r
368,причудливый подвиг,5,p,p
368,причудливый подвиг,6,r,r
368,причудливый подвиг,7,r,s
368,причудливый подвиг,8,r,p
368,причудливый подвиг,9,s,r
369,очаровательный перец,1,p,r
369,очаровательный перец,2,p,r
369,очаровательный перец,3,p,p
369,очаровательный перец,4,p,p
369,очаровательный перец,5,s,p
370,решительный циник,1,s,p
370,решительный циник,2,s,s
370,решительный циник,3,s,r
370,решительный циник,4,r,p
370,решительный циник,5,r,r
370,решительный циник,6,p,p
370,решительный циник,7,r,s
370,решительный циник,8,p,p
370,решительный циник,9,s,r
371,беспощадный львенок,1,s,r
371,беспощадный львенок,2,p,s
371,беспощадный львенок,3,s,r
372,беспощадный львенок,1,p,r
372,беспощадный львенок,2,r,s
372,беспощадный львенок,3,p,p
372,беспощадный львенок,4,p,r
373,запоминающийся самурай,1,s,s
373,запоминающийся самурай,2,p,r
373,запоминающийся самурай,3,p,r
373,запоминающийся самурай,4,s,s
373,запоминающийся самурай,5,p,s
373,запоминающийся самурай,6,r,s
374,запоминающийся самурай,1,p,r
374,запоминающийся самурай,2,p,r
374,запоминающийся самурай,3,r,p
374,запоминающийся самурай,4,r,p
374,запоминающийся самурай,5,s,p
375,позолоченный лазурит,1,s,p
375,позолоченный лазурит,2,s,s
375,позолоченный лазурит,3,p,r
375,позолоченный лазурит,4,p,s
375,позолоченный лазурит,5,p,s
375,позолоченный лазурит,6,s,s
375,позолоченный лазурит,7,p,s
376,позолоченный лазурит,1,s,r
376,позолоченный лазурит,2,p,r
376,позолоченный лазурит,3,p,s
376,позолоченный лазурит,4,s,r
377,позолоченный лазурит,1,p,p
377,позолоченный лазурит,2,s,r
377,позолоченный лазурит,3,s,p
377,позолоченный лазурит,4,p,r
377,позолоченный лазурит,5,r,s
378,позолоченный лазурит,1,s,s
378,позолоченный лазурит,2,p,r
378,позолоченный лазурит,3,p,p
378,позолоченный лазурит,4,p,s
378,позолоченный лазурит,5,r,p
378,позолоченный лазурит,6,r,r
378,позолоченный лазурит,7,s,r
379,позолоченный лазурит,1,s,r
379,позолоченный лазурит,2,p,s
379,позолоченный лазурит,3,p,r
379,позолоченный лазурит,4,s,r
380,графитовый пакет,1,r,s
380,графитовый пакет,2,p,r
380,графитовый пакет,3,p,r
381,позолоченный лазурит,1,s,p
381,позолоченный лазурит,2,s,r
381,позолоченный лазурит,3,p,r
381,позолоченный лазурит,4,r,r
381,позолоченный лазурит,5,r,p
381,позолоченный лазурит,6,p,r
382,чистый гефест,1,s,r
382,чистый гефест,2,p,r
382,чистый гефест,3,p,p
382,чистый гефест,4,r,p
382,чистый гефест,5,s,p
382,чистый гефест,6,s,r
383,чистый гефест,1,s,r
383,чистый гефест,2,p,p
383,чистый гефест,3,p,s
383,чистый гефест,4,s,s
383,чистый гефест,5,r,r
383,чистый гефест,6,p,r
383,чистый гефест,7,s,p
383,чистый гефест,8,s,r
384,очаровательный перец,1,r,r
384,очаровательный перец,2,p,s
384,очаровательный перец,3,p,s
384,очаровательный перец,4,p,s
385,очаровательный перец,1,r,p
385,очаровательный перец,2,s,p
385,очаровательный перец,3,s,s
385,очаровательный перец,4,r,r
385,очаровательный перец,5,p,r
385,очаровательный перец,6,r,p
385,очаровательный перец,7,s,p
386,очаровательный перец,1,r,s
386,очаровательный перец,2,p,r
386,очаровательный перец,3,p,p
386,очаровательный перец,4,p,s
386,очаровательный перец,5,s,p
387,очаровательный перец,1,p,s
387,очаровательный перец,2,r,r
387,очаровательный перец,3,s,p
387,очаровательный перец,4,r,r
387,очаровательный перец,5,s,p
387,очаровательный перец,6,p,s
387,очаровательный перец,7,p,s
388,матовый орфей,1,s,p
388,матовый орфей,2,s,p
388,матовый орфей,3,s,p
389,талантливый паштет,1,s,p
389,талантливый паштет,2,s,p
389,талантливый паштет,3,s,p
390,нежный прикол,1,s,p
390,нежный прикол,2,s,r
390,нежный прикол,3,p,p
390,нежный прикол,4,p,p
390,нежный прикол,5,s,s
390,нежный прикол,6,p,p
390,нежный прикол,7,r,r
390,нежный прикол,8,r,s
390,нежный прикол,9,s,p
391,очаровательный перец,1,p,p
391,очаровательный перец,2,s,s
391,очаровательный перец,3,r,r
391,очаровательный перец,4,p,r
391,очаровательный перец,5,s,s
391,очаровательный перец,6,s,p
391,очаровательный перец,7,p,r
392,легендарный пижон,1,s,r
392,легендарный пижон,2,p,r
392,легендарный пижон,3,p,p
392,легендарный пижон,4,r,s
392,легендарный пижон,5,s,r
392,легендарный пижон,6,p,s
393,сильный прожектор,1,s,r
393,сильный прожектор,2,p,r
393,сильный прожектор,3,p,p
393,сильный прожектор,4,r,p
393,сильный прожектор,5,s,r
394,изощренный кузнец,1,s,p
394,изощренный кузнец,2,s,p
394,изощренный кузнец,3,s,r
394,изощренный кузнец,4,r,s
395,блинный клиент,1,s,p
395,блинный клиент,2,s,r
395,блинный клиент,3,s,r
395,блинный клиент,4,r,r
395,блинный клиент,5,p,p
395,блинный клиент,6,r,r
395,блинный клиент,7,r,s
395,блинный клиент,8,s,r
396,мифический шедевр,1,s,s
396,мифический шедевр,2,r,r
396,мифический шедевр,3,p,r
396,мифический шедевр,4,s,p
396,мифический шедевр,5,s,r
396,мифический шедевр,6,r,r
396,мифический шедевр,7,p,s
396,мифический шедевр,8,p,r
397,крупный поставщик,1,s,p
397,крупный поставщик,2,s,s
397,крупный поставщик,3,p,s
397,крупный поставщик,4,r,r
397,крупный поставщик,5,r,r
397,крупный поставщик,6,s,r
397,крупный поставщик,7,r,s
397,крупный поставщик,8,s,r
398,крупный поставщик,1,s,s
398,крупный поставщик,2,r,r
398,крупный поставщик,3,p,p
398,крупный поставщик,4,p,s
398,крупный поставщик,5,r,p
398,крупный поставщик,6,r,r
398,крупный поставщик,7,r,p
399,певучий каракал,1,s,s
399,певучий каракал,2,r,p
399,певучий каракал,3,r,r
399,певучий каракал,4,s,p
399,певучий каракал,5,s,p
399,певучий каракал,6,s,s
399,певучий каракал,7,s,s
399,певучий каракал,8,s,r
399,певучий каракал,9,s,r
400,графитовый генетик,1,s,p
400,графитовый генетик,2,s,p
400,графитовый генетик,3,s,s
400,графитовый генетик,4,p,s
400,графитовый генетик,5,r,p
400,графитовый генетик,6,r,p
401,певучий каракал,1,r,r
401,певучий каракал,2,p,r
401,певучий каракал,3,p,r
401,певучий каракал,4,s,s
401,певучий каракал,5,r,s
402,графитовый генетик,1,p,r
402,графитовый генетик,2,r,p
402,графитовый генетик,3,r,r
402,графитовый генетик,4,s,s
402,графитовый генетик,5,s,s
402,графитовый генетик,6,r,r
402,графитовый генетик,7,r,s
402,графитовый генетик,8,r,p
402,графитовый генетик,9,s,p
403,флегматичный портукал,1,s,r
403,флегматичный портукал,2,p,r
403,флегматичный портукал,3,p,r
403,флегматичный портукал,4,s,p
404,зачетный акитаину,1,s,r
404,зачетный акитаину,2,p,s
404,зачетный акитаину,3,p,r
404,зачетный акитаину,4,r,p
405,непрерывный денди,1,s,s
405,непрерывный денди,2,p,s
405,непрерывный денди,3,s,r
405,непрерывный денди,4,p,p
405,непрерывный денди,5,p,p
405,непрерывный денди,6,p,r
405,непрерывный денди,7,s,r
406,обаятельный журавль,1,s,p
406,обаятельный журавль,2,s,r
406,обаятельный журавль,3,p,p
406,обаятельный журавль,4,r,p
406,обаятельный журавль,5,p,s
407,млечный озорник,1,s,s
407,млечный озорник,2,r,r
407,млечный озорник,3,p,s
407,млечный озорник,4,p,p
407,млечный озорник,5,r,p
407,млечный озорник,6,r,r
407,млечный озорник,7,r,r
407,млечный озорник,8,r,r
407,млечный озорник,9,s,p
407,млечный озорник,10,p,s
408,трепетный уазик,1,s,p
408,трепетный уазик,2,s,p
408,трепетный уазик,3,s,p
409,трепетный уазик,1,s,p
409,трепетный уазик,2,s,p
409,трепетный уазик,3,s,p
410,учтивый выпускник,1,s,s
410,учтивый выпускник,2,r,s
410,учтивый выпускник,3,p,r
410,учтивый выпускник,4,r,s
411,учтивый выпускник,1,p,r
411,учтивый выпускник,2,r,p
411,учтивый выпускник,3,r,r
411,учтивый выпускник,4,s,s
411,учтивый выпускник,5,s,r
411,учтивый выпускник,6,r,p
412,учтивый выпускник,1,r,r
412,учтивый выпускник,2,r,p
412,учтивый выпускник,3,r,r
412,учтивый выпускник,4,s,r
412,учтивый выпускник,5,p,p
412,учтивый выпускник,6,s,p
412,учтивый выпускник,7,p,r
412,учтивый выпускник,8,r,s
413,заслуженный акитаину,1,r,s
413,заслуженный акитаину,2,r,p
413,заслуженный акитаину,3,s,p
413,заслуженный акитаину,4,r,s
414,толковый каштан,1,s,p
414,толковый каштан,2,s,r
414,толковый каштан,3,p,r
414,толковый каштан,4,r,s
415,заслуженный акитаину,1,r,s
415,заслуженный акитаину,2,s,s
415,заслуженный акитаину,3,p,r
415,заслуженный акитаину,4,r,r
415,заслуженный акитаину,5,r,p
415,заслуженный акитаину,6,p,r
416,заслуженный акитаину,1,p,s
416,заслуженный акитаину,2,p,r
416,заслуженный акитаину,3,p,r
416,заслуженный акитаину,4,s,s
416,заслуженный акитаину,5,r,p
416,заслуженный акитаину,6,r,s
417,заслуженный акитаину,1,p,s
417,заслуженный акитаину,2,r,s
417,заслуженный акитаину,3,r,r
417,заслуженный акитаину,4,r,p
417,заслуженный акитаину,5,s,s
417,заслуженный акитаину,6,s,r
418,аномальный пупс,1,p,r
418,аномальный пупс,2,r,r
418,аномальный пупс,3,p,r
418,аномальный пупс,4,s,r
418,аномальный пупс,5,r,r
418,аномальный пупс,6,r,r
418,аномальный пупс,7,s,r
418,аномальный пупс,8,r,s
419,заслуженный акитаину,1,r,r
419,заслуженный акитаину,2,r,r
419,заслуженный акитаину,3,r,p
419,заслуженный акитаину,4,p,p
419,заслуженный акитаину,5,s,s
419,заслуженный акитаину,6,p,p
419,заслуженный акитаину,7,r,p
419,заслуженный акитаину,8,s,r
420,изумрудный прямоугольник,1,s,r
420,изумрудный прямоугольник,2,p,p
420,изумрудный прямоугольник,3,s,r
420,изумрудный прямоугольник,4,s,p
420,изумрудный прямоугольник,5,p,r
420,изумрудный прямоугольник,6,p,r
421,импозантный фломастер,1,s,p
421,импозантный фломастер,2,s,p
421,импозантный фломастер,3,s,r
421,импозантный фломастер,4,r,r
421,импозантный фломастер,5,p,p
421,импозантный фломастер,6,r,p
421,импозантный фломастер,7,p,r
422,винтажный ягуар,1,s,r
422,винтажный ягуар,2,p,r
422,винтажный ягуар,3,p,r
422,винтажный ягуар,4,s,r
422,винтажный ягуар,5,r,s
423,мускулистый слизень,1,s,p
423,мускулистый слизень,2,s,r
423,мускулистый слизень,3,p,s
423,мускулистый слизень,4,s,p
423,мускулистый слизень,5,p,s
424,постоянный бизон,1,s,s
424,постоянный бизон,2,r,p
424,постоянный бизон,3,p,r
424,постоянный бизон,4,r,r
424,постоянный бизон,5,s,p
424,постоянный бизон,6,s,p
425,зажиточный пупс,1,s,p
425,зажиточный пупс,2,s,p
425,зажиточный пупс,3,s,p
426,мускулистый слизень,1,r,r
426,мускулистый слизень,2,p,p
426,мускулистый слизень,3,p,r
426,мускулистый слизень,4,p,r
426,мускулистый слизень,5,r,p
426,мускулистый слизень,6,r,s
427,мускулистый слизень,1,p,p
427,мускулистый слизень,2,s,s
427,мускулистый слизень,3,p,p
427,мускулистый слизень,4,r,r
427,мускулистый слизень,5,r,s
427,мускулистый слизень,6,s,s
427,мускулистый слизень,7,s,p
427,мускулистый слизень,8,p,s
427,мускулистый слизень,9,p,s
427,мускулистый слизень,10,r,p
428,живительный юбиляр,1,s,s
428,живительный юбиляр,2,r,r
428,живительный юбиляр,3,p,r
428,живительный юбиляр,4,p,p
428,живительный юбиляр,5,s,r
428,живительный юбиляр,6,s,s
428,живительный юбиляр,7,r,s
428,живительный юбиляр,8,p,s
428,живительный юбиляр,9,r,s
429,живительный юбиляр,1,p,r
429,живительный юбиляр,2,r,r
429,живительный юбиляр,3,s,r
429,живительный юбиляр,4,r,s
429,живительный юбиляр,5,p,p
429,живительный юбиляр,6,p,p
429,живительный юбиляр,7,p,s
429,живительный юбиляр,8,r,p
430,живительный юбиляр,1,r,p
430,живительный юбиляр,2,p,p
430,живительный юбиляр,3,s,r
430,живительный юбиляр,4,s,r
431,галантный баобаб,1,s,s
431,галантный баобаб,2,r,p
431,галантный баобаб,3,p,s
431,галантный баобаб,4,p,r
431,галантный баобаб,5,s,r
432,галантный баобаб,1,r,r
432,галантный баобаб,2,p,s
432,галантный баобаб,3,p,r
432,галантный баобаб,4,s,r
432,галантный баобаб,5,r,p
433,галантный баобаб,1,s,s
433,галантный баобаб,2,p,p
433,галантный баобаб,3,p,p
433,галантный баобаб,4,p,r
433,галантный баобаб,5,p,r
433,галантный баобаб,6,r,r
433,галантный баобаб,7,r,s
434,очаровательный перец,1,p,s
434,очаровательный перец,2,r,s
434,очаровательный перец,3,p,p
434,очаровательный перец,4,p,r
434,очаровательный перец,5,s,p
435,очаровательный перец,1,p,p
435,очаровательный перец,2,r,p
435,очаровательный перец,3,s,p
435,очаровательный перец,4,r,s
435,очаровательный перец,5,p,s
435,очаровательный перец,6,r,p
436,очаровательный перец,1,s,r
436,очаровательный перец,2,s,s
436,очаровательный перец,3,s,s
436,очаровательный перец,4,r,p
436,очаровательный перец,5,s,r
437,невидимый июль,1,s,s
437,невидимый июль,2,r,r
437,невидимый июль,3,p,r
437,невидимый июль,4,p,r
437,невидимый июль,5,s,s
437,невидимый июль,6,p,p
437,невидимый июль,7,s,p
438,меланхоличный автогонщик,1,s,p
438,меланхоличный автогонщик,2,s,p
438,меланхоличный автогонщик,3,s,r
438,меланхоличный автогонщик,4,r,s
439,хладнокровный сиг,1,s,p
439,хладнокровный сиг,2,s,s
439,хладнокровный сиг,3,r,r
439,хладнокровный сиг,4,r,p
439,хладнокровный сиг,5,r,s
439,хладнокровный сиг,6,p,s
439,хладнокровный сиг,7,r,s
440,хладнокровный сиг,1,p,s
440,хладнокровный сиг,2,s,s
440,хладнокровный сиг,3,p,r
440,хладнокровный сиг,4,p,r
440,хладнокровный сиг,5,s,r
440,хладнокровный сиг,6,r,p
441,лапчатый скейтбордист,1,s,s
441,лапчатый скейтбордист,2,s,s
441,лапчатый скейтбордист,3,r,p
441,лапчатый скейтбордист,4,p,s
441,лапчатый скейтбордист,5,p,p
441,лапчатый скейтбордист,6,s,s
441,лапчатый скейтбордист,7,s,p
441,лапчатый скейтбордист,8,p,p
441,лапчатый скейтбордист,9,r,r
441,лапчатый скейтбордист,10,r,r
441,лапчатый скейтбордист,11,r,s
441,лапчатый скейтбордист,12,s,r
442,находчивый князь,1,s,s
442,находчивый князь,2,r,s
442,находчивый князь,3,r,s
442,находчивый князь,4,r,s
443,хриплый судья,1,s,s
443,хриплый судья,2,r,r
443,хриплый судья,3,p,s
443,хриплый судья,4,p,p
443,хриплый судья,5,s,r
443,хриплый судья,6,s,r
444,хриплый судья,1,p,p
444,хриплый судья,2,s,s
444,хриплый судья,3,r,p
444,хриплый судья,4,s,p
444,хриплый судья,5,s,p
444,хриплый судья,6,r,r
444,хриплый судья,7,s,r
444,хриплый судья,8,s,s
444,хриплый судья,9,s,s
444,хриплый судья,10,s,s
444,хриплый судья,11,p,p
444,хриплый судья,12,s,s
444,хриплый судья,13,p,s
445,заслуженный акитаину,1,r,s
445,заслуженный акитаину,2,s,p
445,заслуженный акитаину,3,p,s
445,заслуженный акитаину,4,r,p
445,заслуженный акитаину,5,r,p
446,умиротворенный ударник,1,s,p
446,умиротворенный ударник,2,s,r
446,умиротворенный ударник,3,p,p
446,умиротворенный ударник,4,p,r
446,умиротворенный ударник,5,p,r
447,кирпичный пиноккио,1,s,s
447,кирпичный пиноккио,2,r,r
447,кирпичный пиноккио,3,p,s
447,кирпичный пиноккио,4,s,r
447,кирпичный пиноккио,5,p,s
448,поражаюший тапир,1,s,r
448,поражаюший тапир,2,p,p
448,поражаюший тапир,3,p,p
448,поражаюший тапир,4,s,p
448,поражаюший тапир,5,s,r
448,поражаюший тапир,6,p,s
449,преуспевший грамотей,1,s,s
449,преуспевший грамотей,2,r,s
449,преуспевший грамотей,3,r,r
449,преуспевший грамотей,4,s,p
449,преуспевший грамотей,5,s,p
450,кирпичный пиноккио,1,r,r
450,кирпичный пиноккио,2,p,p
450,кирпичный пиноккио,3,r,r
450,кирпичный пиноккио,4,r,r
450,кирпичный пиноккио,5,p,s
450,кирпичный пиноккио,6,p,p
450,кирпичный пиноккио,7,p,r
451,очаровательный перец,1,r,s
451,очаровательный перец,2,s,r
451,очаровательный перец,3,r,s
451,очаровательный перец,4,r,s
452,очаровательный перец,1,r,r
452,очаровательный перец,2,p,r
452,очаровательный перец,3,s,r
452,очаровательный перец,4,r,p
452,очаровательный перец,5,p,p
452,очаровательный перец,6,p,s
453,очаровательный перец,1,r,s
453,очаровательный перец,2,s,p
453,очаровательный перец,3,p,s
453,очаровательный перец,4,p,s
453,очаровательный перец,5,s,s
453,очаровательный перец,6,r,p
454,тихий гоблин,1,s,r
454,тихий гоблин,2,p,r
454,тихий гоблин,3,p,s
454,тихий гоблин,4,s,s
454,тихий гоблин,5,s,p
454,тихий гоблин,6,s,s
454,тихий гоблин,7,s,p
454,тихий гоблин,8,s,p
455,тихий гоблин,1,s,r
455,тихий гоблин,2,p,r
455,тихий гоблин,3,p,s
455,тихий гоблин,4,s,s
455,тихий гоблин,5,s,p
455,тихий гоблин,6,s,s
455,тихий гоблин,7,s,p
455,тихий гоблин,8,s,p
456,волнующий ямб,1,s,s
456,волнующий ямб,2,r,p
456,волнующий ямб,3,r,p
456,волнующий ямб,4,r,r
456,волнующий ямб,5,s,s
456,волнующий ямб,6,r,p
457,юркий ночник,1,s,p
457,юркий ночник,2,s,s
457,юркий ночник,3,r,p
457,юркий ночник,4,r,s
457,юркий ночник,5,s,s
457,юркий ночник,6,s,r
457,юркий ночник,7,p,r
458,победоносный полуботинок,1,s,s
458,победоносный полуботинок,2,r,s
458,победоносный полуботинок,3,p,s
458,победоносный полуботинок,4,s,s
458,победоносный полуботинок,5,s,s
458,победоносный полуботинок,6,r,s
458,победоносный полуботинок,7,r,s
459,необыкновенный кактус,1,s,r
459,необыкновенный кактус,2,p,r
459,необыкновенный кактус,3,p,s
459,необыкновенный кактус,4,s,p
459,необыкновенный кактус,5,s,s
459,необыкновенный кактус,6,p,s
460,необыкновенный кактус,1,p,p
460,необыкновенный кактус,2,s,r
460,необыкновенный кактус,3,s,p
460,необыкновенный кактус,4,r,r
460,необыкновенный кактус,5,p,r
460,необыкновенный кактус,6,p,s
460,необыкновенный кактус,7,s,r
461,редкий экземпляр,1,s,s
461,редкий экземпляр,2,r,p
461,редкий экземпляр,3,r,p
462,блестящий рулетик,1,s,s
462,блестящий рулетик,2,r,r
462,блестящий рулетик,3,p,r
462,блестящий рулетик,4,p,r
462,блестящий рулетик,5,r,s
463,смелый комбайн,1,s,s
463,смелый комбайн,2,r,s
463,смелый комбайн,3,r,p
463,смелый комбайн,4,p,s
463,смелый комбайн,5,p,r
463,смелый комбайн,6,s,s
463,смелый комбайн,7,p,r
464,аналитический тартар,1,s,p
464,аналитический тартар,2,s,r
464,аналитический тартар,3,p,p
464,аналитический тартар,4,r,s
464,аналитический тартар,5,r,r
464,аналитический тартар,6,r,r
464,аналитический тартар,7,s,r
464,аналитический тартар,8,r,r
464,аналитический тартар,9,s,p
465,волнующий вой,1,s,r
465,волнующий вой,2,p,p
465,волнующий вой,3,s,s
465,волнующий вой,4,r,p
465,волнующий вой,5,p,s
466,опытный дудочник,1,s,s
466,опытный дудочник,2,r,s
466,опытный дудочник,3,r,s
466,опытный дудочник,4,p,r
467,напористый сейф,1,s,r
467,напористый сейф,2,p,p
467,напористый сейф,3,s,p
467,напористый сейф,4,s,p
467,напористый сейф,5,p,s
467,напористый сейф,6,p,s
468,напористый сейф,1,r,r
468,напористый сейф,2,r,p
468,напористый сейф,3,p,s
468,напористый сейф,4,p,r
468,напористый сейф,5,s,s
468,напористый сейф,6,s,s
468,напористый сейф,7,r,p
469,млечный озорник,1,r,s
469,млечный озорник,2,r,p
469,млечный озорник,3,s,r
469,млечный озорник,4,s,s
469,млечный озорник,5,r,s
469,млечный озорник,6,r,p
470,луговой охотник,1,s,s
470,луговой охотник,2,r,r
470,луговой охотник,3,p,s
470,луговой охотник,4,p,r
470,луговой охотник,5,r,r
470,луговой охотник,6,r,p
470,луговой охотник,7,p,p
470,луговой охотник,8,r,p
471,восхищенный йогурт,1,s,p
471,восхищенный йогурт,2,s,p
471,восхищенный йогурт,3,s,p
472,восхищенный йогурт,1,s,r
472,восхищенный йогурт,2,p,r
472,восхищенный йогурт,3,p,r
472,восхищенный йогурт,4,r,s
473,прекрсный сатирик,1,s,r
473,прекрсный сатирик,2,p,s
473,прекрсный сатирик,3,s,p
473,прекрсный сатирик,4,r,r
473,прекрсный сатирик,5,p,p
473,прекрсный сатирик,6,p,r
473,прекрсный сатирик,7,s,p
474,прозорливый карандаш,1,s,s
474,прозорливый карандаш,2,r,s
474,прозорливый карандаш,3,r,s
474,прозорливый карандаш,4,p,s
474,прозорливый карандаш,5,r,p
474,прозорливый карандаш,6,r,s
475,картонный пакет,1,s,p
475,картонный пакет,2,s,p
475,картонный пакет,3,s,r
475,картонный пакет,4,r,r
475,картонный пакет,5,p,p
475,картонный пакет,6,p,s
475,картонный пакет,7,s,r
476,привлекательный донжуан,1,s,s
476,привлекательный донжуан,2,r,r
476,привлекательный донжуан,3,r,r
476,привлекательный донжуан,4,s,r
476,привлекательный донжуан,5,s,r
476,привлекательный донжуан,6,r,s
476,привлекательный донжуан,7,r,p
477,картонный пакет,1,r,r
477,картонный пакет,2,p,p
477,картонный пакет,3,r,r
477,картонный пакет,4,s,r
477,картонный пакет,5,s,r
477,картонный пакет,6,r,p
478,малиновый питбуль,1,s,p
478,малиновый питбуль,2,s,s
478,малиновый питбуль,3,p,r
478,малиновый питбуль,4,p,s
478,малиновый питбуль,5,p,r
479,малиновый питбуль,1,s,p
479,малиновый питбуль,2,s,s
479,малиновый питбуль,3,p,r
479,малиновый питбуль,4,p,s
479,малиновый питбуль,5,p,r
480,настойчивый гуру,1,s,s
480,настойчивый гуру,2,r,r
480,настойчивый гуру,3,p,r
481,энергичный ловкач,1,s,p
481,энергичный ловкач,2,s,r
481,энергичный ловкач,3,p,r
481,энергичный ловкач,4,r,r
481,энергичный ловкач,5,p,s
481,энергичный ловкач,6,p,r
482,любезный тролейбус,1,s,r
482,любезный тролейбус,2,p,r
482,любезный тролейбус,3,p,p
482,любезный тролейбус,4,p,r
482,любезный тролейбус,5,r,s
483,любезный тролейбус,1,r,r
483,любезный тролейбус,2,p,p
483,любезный тролейбус,3,r,p
483,любезный тролейбус,4,p,s
483,любезный тролейбус,5,p,s
484,любезный тролейбус,1,s,p
484,любезный тролейбус,2,s,r
484,любезный тролейбус,3,r,r
484,любезный тролейбус,4,r,p
484,любезный тролейбус,5,s,r
485,виноградный глог,1,s,r
485,виноградный глог,2,r,r
485,виноградный глог,3,p,p
485,виноградный глог,4,r,r
485,виноградный глог,5,p,r
485,виноградный глог,6,p,p
485,виноградный глог,7,r,r
485,виноградный глог,8,p,r
485,виноградный глог,9,p,r
486,осмотрительный товарищ,1,s,r
486,осмотрительный товарищ,2,r,r
486,осмотрительный товарищ,3,p,r
486,осмотрительный товарищ,4,p,r
486,осмотрительный товарищ,5,p,p
486,осмотрительный товарищ,6,p,r
487,очаровательный перец,1,s,r
487,очаровательный перец,2,r,p
487,очаровательный перец,3,p,r
487,очаровательный перец,4,p,r
487,очаровательный перец,5,p,p
487,очаровательный перец,6,p,s
488,йогрутовый июль,1,r,s
488,йогрутовый июль,2,r,s
488,йогрутовый июль,3,p,s
488,йогрутовый июль,4,p,p
489,порядочный клатч,1,s,p
489,порядочный клатч,2,s,p
489,порядочный клатч,3,p,r
490,очаровательный перец,1,r,s
490,очаровательный перец,2,p,r
490,очаровательный перец,3,s,p
491,неустрашимый коллекционер,1,s,r
491,неустрашимый коллекционер,2,r,r
491,неустрашимый коллекционер,3,p,s
491,неустрашимый коллекционер,4,r,s
491,неустрашимый коллекционер,5,r,p
492,очаровательный перец,1,p,p
492,очаровательный перец,2,s,s
492,очаровательный перец,3,s,s
492,очаровательный перец,4,r,r
492,очаровательный перец,5,s,p
492,очаровательный перец,6,s,p
492,очаровательный перец,7,r,s
493,очаровательный перец,1,s,s
493,очаровательный перец,2,p,p
493,очаровательный перец,3,s,r
493,очаровательный перец,4,r,r
493,очаровательный перец,5,s,p
493,очаровательный перец,6,s,s
493,очаровательный перец,7,r,s
493,очаровательный перец,8,s,p
494,очаровательный перец,1,p,r
494,очаровательный перец,2,r,r
494,очаровательный перец,3,p,r
494,очаровательный перец,4,s,s
494,очаровательный перец,5,r,p
494,очаровательный перец,6,r,r
494,очаровательный перец,7,r,p
494,очаровательный перец,8,p,s
495,правдивый гиппогриф,1,s,p
495,правдивый гиппогриф,2,s,p
495,правдивый гиппогриф,3,p,r
496,жадный стрелок,1,s,p
496,жадный стрелок,2,s,p
496,жадный стрелок,3,p,r
497,ворчливый котел,1,s,r
497,ворчливый котел,2,r,r
497,ворчливый котел,3,p,r
497,ворчливый котел,4,p,p
497,ворчливый котел,5,s,r
497,ворчливый котел,6,p,r
497,ворчливый котел,7,s,r
498,писклявая забияка,1,s,r
498,писклявая забияка,2,r,p
498,писклявая забияка,3,p,r
498,писклявая забияка,4,p,p
498,писклявая забияка,5,s,p
498,писклявая забияка,6,r,r
498,писклявая забияка,7,s,s
498,писклявая забияка,8,p,r
499,хрупкий кумир,1,s,r
499,хрупкий кумир,2,r,r
499,хрупкий кумир,3,p,r
499,хрупкий кумир,4,p,s
499,хрупкий кумир,5,s,r
500,хрупкий кумир,1,p,s
500,хрупкий кумир,2,p,p
500,хрупкий кумир,3,r,p
500,хрупкий кумир,4,p,s
501,фетровый амулет,1,p,r
501,фетровый амулет,2,r,s
501,фетровый амулет,3,p,r
502,искренний морской котик,1,p,s
502,искренний морской котик,2,s,r
502,искренний морской котик,3,p,s
503,бурлящий диван,1,p,p
503,бурлящий диван,2,s,p
503,бурлящий диван,3,p,p
503,бурлящий диван,4,p,s
503,бурлящий диван,5,r,r
503,бурлящий диван,6,r,r
503,бурлящий диван,7,r,r
503,бурлящий диван,8,s,r
503,бурлящий диван,9,r,s
503,бурлящий диван,10,s,p
504,дерзкий фигурист,1,p,p
504,дерзкий фигурист,2,s,p
504,дерзкий фигурист,3,p,s
504,дерзкий фигурист,4,p,p
504,дерзкий фигурист,5,r,p
504,дерзкий фигурист,6,r,s
504,дерзкий фигурист,7,r,s
505,хлебный тушканчик,1,p,p
505,хлебный тушканчик,2,s,p
505,хлебный тушканчик,3,p,s
505,хлебный тушканчик,4,p,p
505,хлебный тушканчик,5,s,r
505,хлебный тушканчик,6,p,s
